"Código Produto";"Produto";"Quantidade Disponível"
"38957";"ACHOC LIQ NESCAU PROTEIN 15G 260ML";"35,000"
"12216";"ACHOC PO NESCAU LT 350G";"152,000"
"12217";"ACHOC PO NESCAU LT P330G L350G";"0,000"
"783";"ACHOC PO NESCAU SH 2 01KG";"17,000"
"2956";"ACHOC PO NESCAU SH 550G ACTIV GO";"0,000"
"39004";"ALIM GATO FRISKIES 80G MEGAMIX";"24,000"
"39006";"ALIM GATO FRISKIES 80G MEGAMIX MAR SABORES";"29,000"
"39005";"ALIM GATO FRISKIES 80G MEGAMIX MIX DE CARNES";"24,000"
"38141";"AVEIA FLOCOS NESTLE 450G";"0,000"
"38833";"BEBIDA NUTREN BAUNILHA ZR LAC 260ML";"0,000"
"38832";"BEBIDA NUTREN CHOCO WAFER ZR LAC 260ML";"13,000"
"38834";"BEBIDA NUTREN CHOCOLATE ZR LAC 260ML";"0,000"
"1536";"BISC LEITE PASSATEMPO 150G";"81,000"
"38592";"BISC NESTLE TOSTINES 200G MAISENA";"0,000"
"1468";"BISC RECH NESTLE NEGRESCO 90G BAUNILHA";"2,000"
"1466";"BISC RECH NESTLE NEGRESCO 90G CHOC";"3,000"
"1486";"BISC RECH PASSATEMPO 130G CHOC";"123,000"
"1483";"BISC RECH PASSATEMPO 130G CHOC MOR";"55,000"
"1484";"BISC RECH PASSATEMPO 130G MOR";"41,000"
"13701";"BOMBOM GAROTO 215 2G CROC E CARIBE";"0,000"
"37222";"BOMBOM GAROTO FINOS 220G SORTIDOS";"308,000"
"13702";"BOMBOM GAROTO FINOS 250G";"206,000"
"13704";"BOMBOM GAROTO SERENATA AMOR 17 6G";"443,000"
"36616";"BOMBOM NESTLE ESPECIALIDADES 220G SORTIDOS";"0,000"
"13712";"BOMBOM NESTLE ESPECIALIDADES 251G";"46,000"
"15180";"CAFE SOL NESCAFE MATINAL SH L40P36G";"2,000"
"15182";"CAFE SOL NESCAFE MATINAL VD 200G";"17,000"
"15181";"CAFE SOL NESCAFE MATINAL VD L160GP144G";"0,000"
"15184";"CAFE SOL NESCAFE ORIG L200P180G";"0,000"
"15186";"CAFE SOL NESCAFE ORIG SH L40P36G";"0,000"
"15187";"CAFE SOL NESCAFE ORIG VD 200G";"107,000"
"15188";"CAFE SOL NESCAFE ORIG VD L160GP144";"0,000"
"2097";"CAFE SOL NESCAFE SH 40G DOLCA";"59,000"
"2108";"CAFE SOL NESCAFE SH 40G MATINAL SUAVE";"4,000"
"2109";"CAFE SOL NESCAFE SH 40G ORIGINAL";"48,000"
"2107";"CAFE SOL NESCAFE SH 40G TRADICAO FORTE";"209,000"
"2119";"CAFE SOL NESCAFE SH40G DESCAF";"30,000"
"15192";"CAFE SOL NESCAFE TRAD L200P180G";"0,000"
"15194";"CAFE SOL NESCAFE TRAD SH L40P36G";"0,000"
"15195";"CAFE SOL NESCAFE TRAD VD L160GP144";"0,000"
"38146";"CAFE SOL NESCAFE VD 160G GTS 10G TRAD";"2,000"
"2141";"CAFE SOL NESCAFE VD 160G MATINAL";"24,000"
"2142";"CAFE SOL NESCAFE VD 160G ORIGINAL";"63,000"
"2139";"CAFE SOL NESCAFE VD 160G TRADICAO FORTE";"25,000"
"38145";"CAFE SOL NESCAFE VD 200G GTS 10G TRAD";"14,000"
"2148";"CAFE SOL NESCAFE VD 200G TRADICAO";"1.481,000"
"38902";"CAPSULA DOLCE GUSTO CHOCOCINO C10 150G";"12,000"
"3037";"CEREAL MAT NESTLE CX 210G NESCAU";"30,000"
"3042";"CEREAL MAT NESTLE CX210G NESCAU DUO";"35,000"
"38835";"CEREAL MAT NESTLE NESFIT CX 220G";"24,000"
"3028";"CEREAL MAT NESTLE SH 120G NESCAU";"28,000"
"3027";"CEREAL MAT NESTLE SH 120G SNOW FLAKES";"21,000"
"37797";"CEREAL MATINAL NESTLE NESCAU 170G";"0,000"
"1280";"CHOC BARRA GAROTO 80G AO LEITE";"32,000"
"1271";"CHOC BARRA GAROTO 80G CROCANTE";"32,000"
"15961";"CHOC BARRA GAROTO 80G CRUNCH";"26,000"
"1276";"CHOC BARRA GAROTO 80G MEIO AMARGO";"0,000"
"1278";"CHOC BARRA GAROTO CAJU 80G CAJU PASSAS";"72,000"
"1274";"CHOC BARRA GAROTO CAJU 80G CAST CAJU";"82,000"
"1272";"CHOC BARRA GAROTO CHOC BCO 80G";"16,000"
"1279";"CHOC BARRA GAROTO CHOC BCO 80G NEGRESCO";"0,000"
"37860";"CHOC BARRA GAROTO RECH BATON 90G";"27,000"
"1294";"CHOC BARRA NESTLE 80G AO LEITE";"38,000"
"1288";"CHOC BARRA NESTLE 80G CLASSIC DUO";"206,000"
"1297";"CHOC BARRA NESTLE 80G CRUNCH";"301,000"
"1295";"CHOC BARRA NESTLE 80G DIPLOMATA";"131,000"
"1296";"CHOC BARRA NESTLE 80G GALAK GALAK";"84,000"
"1292";"CHOC BARRA NESTLE 80G MEIO AMARGO";"75,000"
"1289";"CHOC BARRA NESTLE 80G PRESTIGIO";"80,000"
"1286";"CHOC BARRA NESTLE 80G SUFLAIR";"96,000"
"36101";"CHOC BARRA NESTLE ALPINO 80G AO LEITE";"24,000"
"38000";"CHOC BARRA NESTLE RECH 90G GALAK";"0,000"
"37997";"CHOC BARRA NESTLE RECH 90G SERENATA AMOR";"0,000"
"1298";"CHOC BARRA NESTLE SUFLAIR DUO 80G";"0,000"
"1353";"CHOC BATON GAROTO 16G AO LEITE";"9,000"
"1354";"CHOC BATON GAROTO 16G BRANCO";"123,000"
"1348";"CHOC BATON GAROTO 16G CREME MOR";"232,000"
"1357";"CHOC BATON GAROTO 16G LEITE CREME";"202,000"
"39057";"CHOC BATON GAROTO STICK AVELA 26G";"5,000"
"39058";"CHOC BATON GAROTO STICK TRIPLO CH 26G";"5,000"
"1372";"CHOC CROCANTE GAROTO 25G";"24,000"
"1431";"CHOC KIT KAT 41 5G DARK";"73,000"
"1430";"CHOC KIT KAT 41 5G FINGER AO LEITE";"86,000"
"1433";"CHOC KIT KAT 41 5G FINGER BRANCO";"187,000"
"15993";"CHOC KIT KAT COCONUT 41 5G";"0,000"
"38005";"CHOC KIT KAT MACCHIATO 41 5G";"24,000"
"15995";"CHOC KIT KAT TRIPLO CHOC 41 5G";"0,000"
"1316";"CHOC LACTA 165G DIAM NEGRO";"7,000"
"1397";"CHOC NESTLE CHOKITO 32G UN";"24,000"
"1395";"CHOC NESTLE PRESTIGIO 33G UN";"17,000"
"16034";"CHOC NESTLE PRESTIGIO DARK 33G";"26,000"
"3066";"CHOCOLATE PO NESTLE 200G 2 FRADES";"35,000"
"36855";"COBERT GAROTO CONFEITARIA LEITE 1KG";"0,000"
"37090";"COBERTURA RECHEIO NESTLE 1 01KG GALAK";"0,000"
"37058";"COBERTURA RECHEIO NESTLE 1 01KG KIT KAT";"0,000"
"37057";"COBERTURA RECHEIO NESTLE 1 01KG PRESTIGIO";"0,000"
"36777";"CONS CAFE NESCAFE EM GRAOS 1KG";"0,000"
"38836";"FARELO AVEIA NESTLE OAT BRAN 170G";"28,000"
"36782";"INA CONS CAFE NESCAFE CAPPUC CAPPUC LATTE";"0,000"
"3662";"LEITE COND MOCA NESTLE LT 395G";"47,000"
"38786";"MAC INST MAGGI BECHAMEL 65G";"0,000"
"38789";"MAC INST MAGGI MACN CHEESE 65G";"213,000"
"38787";"MAC INST MAGGI TOMATE 65G";"0,000"
"36673";"OVO CHOC NESTLE CASCA AO LEITE 200G";"0,000"
"36678";"OVO CHOC NESTLE CHARGE 240G";"0,000"
"36676";"OVO CHOC NESTLE KIT KAT 338 5G";"0,000"
"39012";"PATE FRISKIES GATO 75 G ADULTO ATUM";"26,000"
"39010";"PATE FRISKIES GATO 75 G ADULTO MAR SABO";"25,000"
"39011";"PATE FRISKIES GATO 75 G ADULTO SALMAO";"29,000"
"39008";"PATE FRISKIES GATO 75G ADULTO CARNE";"26,000"
"39007";"PATE FRISKIES GATO 75G FILHOTES ATUM";"29,000"
"39009";"PATE FRISKIES GATO 75G FRANGO";"0,000"
"39003";"RACAO DOG CHOW 900G CAR FGO FRUTA LEITE";"8,000"
"39013";"RACAO DOG CHOW FILH 900G CAR FGO ARROZ";"8,000"
"39014";"RACAO DOG CHOW MULTIPROT AD 900G";"8,000"
"39015";"RACAO DOG CHOW MULTIPROTEINA ADULTO 900G";"0,000"
"39315";"RACAO DOG CHOW SH 100G AD TD TAM CAR";"0,000"
"39319";"RACAO DOG CHOW SH 100G AD TD TAM CORD";"0,000"
"39301";"RACAO DOG CHOW SH 100G AD TD TAM FGO";"0,000"
"39321";"RACAO DOG CHOW SH 100G FILH TD TAM CAR";"0,000"
"3994";"RACAO DOG CHOW SH 85G AD CAR ARROZ";"14,000"
"38368";"RACAO FRISKIES 850G D GRANJA FRANGO";"0,000"
"37478";"RACAO FRISKIES 850G MEGAMIX ADULTO";"0,000"
"38366";"RACAO FRISKIES CARNE ADULTO 850G FRISKIES CARNE";"0,000"
"38367";"RACAO FRISKIES MEGAMIX 850G CASTRADO";"0,000"
"38365";"RACAO FRISKIES MIX CARNE 850G FRISKIE MIX CAR";"0,000"
"38838";"TEMP MAGGI A FRYER MANTEIGA 110G";"30,000"
"38788";"TEMP MAGGI TEMP EMPANA PAPRICA 60G";"12,000"
"38791";"TEMP MAGGI TEMP EMPANA PARMESAO";"0,000"
"38790";"TEMP MAGGI TEMP EMPANA PARMESAO 60G";"0,000"
"3674";"TEMP MAGGI TEMPERO E SABOR 50G CARNES";"2,000"
"";"TOTAL: 131 linhas";"6.743,000"
