"Código Fornecedor Principal";"Fornecedor Principal : C.G.O.";"Código C.G.O.";"Valor Entrada"
"22024";"64713641 ISLEIDE MARIA GONCALVES CORDEIRO RODRIGUES : Compra de mercadoria para revenda";"1";"7.935,33"
"8512";"ABRAHAM INDUSTRIA DE ESPECIARIAS LTDA : Compra de mercadoria para revenda";"1";"13.554,30"
"5866";"ADESUL IND E COM LTDA : Compra de mercadoria para revenda";"1";"9.827,77"
"13921";"ADI-GEL IND. E COM. DE PROD. ALIMENT. : Compra de mercadoria para revenda";"1";"9.439,20"
"13416";"ADM DO BRASIL LTDA : Compra de mercadoria para revenda";"1";"201.310,20"
"11533";"ADMOFASSINA ME : Compra de mercadoria para revenda";"1";"23.912,00"
"10181";"AGUAS MINERAIS SARANDI LTDA : Compra de mercadoria para revenda";"1";"130.444,92"
"10181";"AGUAS MINERAIS SARANDI LTDA : Devolucao compra mercadoria a fornecedor";"860";"-554,83"
"9864";"ALEXANDRE CAVALHEIRO SOARES : Compra de mercadoria para revenda";"1";"14.160,00"
"11620";"ALIMENTOS ESTRELA LTDA : Compra de mercadoria para revenda";"1";"12.833,69"
"3818";"ALIMENTOS N BONN LTDA : Compra de mercadoria para revenda";"1";"5.177,39"
"10960";"ALORI DA ROSA SANTANA : Compra de hortifruti para revenda";"28";"2.159,80"
"6309";"ALTAMIR MATEOS BRAIDO E CIA LTDA. : Compra de mercadoria ENTR. ESPECIAL";"290";"7.433,92"
"6309";"ALTAMIR MATEOS BRAIDO E CIA LTDA. : Compra de mercadoria para revenda";"1";"45.954,88"
"6309";"ALTAMIR MATEOS BRAIDO E CIA LTDA. : Devolucao compra mercadoria a fornecedor";"802";"-5.776,51"
"8425";"AMAZONIA BRASIL COSMETICOS LTDA : Compra de mercadoria para revenda";"1";"9.887,82"
"8425";"AMAZONIA BRASIL COSMETICOS LTDA : Devolucao compra mercadoria a fornecedor";"802";"-209,97"
"2597";"ANGELA PETRY HERTER : Compra de mercadoria para revenda";"1";"1.304.220,00"
"6560";"ANTONIAZZI & CIA LTDA : Compra de mercadoria para revenda";"1";"48.600,00"
"6560";"ANTONIAZZI & CIA LTDA : Devolucao compra mercadoria a fornecedor";"860";"-999,00"
"3894";"ANTUNES DISTRIBUIDORA DE GAS LTDA : Bonificacao de mercadoria com custo";"101";"126,00"
"3894";"ANTUNES DISTRIBUIDORA DE GAS LTDA : Compra de voucher";"32";"89.340,00"
"10189";"APTI ALIMENTOS LTDA : Compra de mercadoria para revenda";"1";"113.072,65"
"10189";"APTI ALIMENTOS LTDA : Devolucao compra mercadoria a fornecedor";"860";"-714,33"
"3947";"AQUAFAST PROD LIMPEZA/HIGIENE LTDA : Compra de mercadoria para revenda";"1";"54.078,96"
"3947";"AQUAFAST PROD LIMPEZA/HIGIENE LTDA : Devolucao compra mercadoria a fornecedor";"802";"-1.558,46"
"14068";"ARBAZA ALIMENTOS LTDA : Compra de mercadoria para revenda";"1";"78.630,00"
"14068";"ARBAZA ALIMENTOS LTDA : Devolucao compra mercadoria a fornecedor";"860";"-1.114,30"
"11112";"ATACADAO S.A. : Compra de mercadoria para revenda";"1";"107.867,94"
"12366";"AZANELLA REPRESENTACAO LTDA : Compra de mercadoria para revenda";"1";"546,74"
"21155";"BAKLIZI VAREJO E ATACADO E HORTI LTDA : Compra de hortifruti para revenda";"28";"2.943.129,15"
"21155";"BAKLIZI VAREJO E ATACADO E HORTI LTDA : Compra de mercadoria para revenda";"1";"96.896,50"
"21155";"BAKLIZI VAREJO E ATACADO E HORTI LTDA : Compra de voucher";"32";"9.421,00"
"21155";"BAKLIZI VAREJO E ATACADO E HORTI LTDA : Devolucao compra mercadoria a fornecedor";"802";"-4.596,28"
"21155";"BAKLIZI VAREJO E ATACADO E HORTI LTDA : Emissao de contra nota de produtor rural";"200";"33.600,00"
"22581";"BARA IMPORTACAO E EXPORTACAO LTDA : Compra de hortifruti para revenda";"28";"228.184,00"
"22581";"BARA IMPORTACAO E EXPORTACAO LTDA : Compra de mercadoria para revenda";"1";"3.600,00"
"22581";"BARA IMPORTACAO E EXPORTACAO LTDA : Devolucao compra mercadoria a fornecedor";"802";"-1.353,75"
"6798";"BARAO - INDUSTRIA E COMERCIO DE ERVA MATE E CHAS S.A. : Compra de mercadoria para revenda";"1";"68.341,00"
"6798";"BARAO - INDUSTRIA E COMERCIO DE ERVA MATE E CHAS S.A. : Devolucao compra mercadoria a fornecedor";"860";"-1.300,00"
"8714";"BASTON DO BRASIL PRODUTOS QUIMICO LTDA : Compra de mercadoria ENTR. ESPECIAL";"290";"4.093,75"
"8714";"BASTON DO BRASIL PRODUTOS QUIMICO LTDA : Compra de mercadoria para revenda";"1";"232.937,63"
"8714";"BASTON DO BRASIL PRODUTOS QUIMICO LTDA : Devolucao compra mercadoria a fornecedor";"860";"-2.623,53"
"11535";"BASTOS E BASTOS METALURGICA E COMERCIO : Compra de mercadoria para revenda";"1";"10.950,00"
"6424";"BEBIDAS FRUKI LTDA : Compra de mercadoria para revenda";"1";"204.219,21"
"6424";"BEBIDAS FRUKI LTDA : Devolucao compra mercadoria a fornecedor";"802";"-54,52"
"12821";"BEBIDAS KOLLER LTDA : Compra de mercadoria para revenda";"1";"11.043,00"
"12821";"BEBIDAS KOLLER LTDA : Devolucao compra mercadoria a fornecedor";"860";"-54,55"
"14468";"BERTOLINI INDUSTRIA QUIMICA LTDA : Bonificacao de mercadoria com custo";"101";"6.366,30"
"14468";"BERTOLINI INDUSTRIA QUIMICA LTDA : Compra de mercadoria para revenda";"1";"65.030,76"
"14468";"BERTOLINI INDUSTRIA QUIMICA LTDA : Devolucao compra mercadoria a fornecedor";"802";"-242,91"
"14468";"BERTOLINI INDUSTRIA QUIMICA LTDA : Devolucao compra mercadoria a fornecedor";"860";"-548,44"
"14468";"BERTOLINI INDUSTRIA QUIMICA LTDA : Saida devolucao transferencia mercadoria";"801";"-21,54"
"16990";"BIGUA ALIMENTOS IND E COMLTDA : Compra de mercadoria para revenda";"1";"33.907,17"
"16990";"BIGUA ALIMENTOS IND E COMLTDA : Devolucao compra mercadoria a fornecedor";"860";"-1.700,67"
"12034";"BONELLA E SIQUEIRA LTDA : Compra de mercadoria para revenda";"1";"1.650,00"
"12150";"BRASMART INDUSTRIA DO VESTUARIO LTDA : Compra de mercadoria para revenda";"1";"41.628,96"
"12150";"BRASMART INDUSTRIA DO VESTUARIO LTDA : Devolucao compra mercadoria a fornecedor";"802";"-44,76"
"12167";"BRF S.A : Bonificacao de mercadoria com custo";"101";"52.649,10"
"12167";"BRF S.A : Compra de mercadoria ENTR. ESPECIAL";"290";"1.342,04"
"12167";"BRF S.A : Compra de mercadoria para revenda";"1";"1.511.067,18"
"12167";"BRF S.A : Devolucao compra mercadoria a fornecedor";"802";"-11.072,75"
"7086";"BUNGE ALIMENTOS S/A : Compra de mercadoria para revenda";"1";"447.703,20"
"6451";"C R DOS SANTOS - INDUSTRIAL : Compra de mercadoria para revenda";"1";"218.784,34"
"6451";"C R DOS SANTOS - INDUSTRIAL : Devolucao compra mercadoria a fornecedor";"802";"-261,91"
"8702";"CAFE TRES CORACOES S.A : Compra de mercadoria para revenda";"1";"407.595,74"
"9057";"CAMPEROTCHE IND E COM ALIMENTOS LTDA : Compra de mercadoria para revenda";"1";"2.331,00"
"15139";"CARGIL AGRICOLA S A GOIANI : Compra de mercadoria para revenda";"1";"80.203,42"
"15139";"CARGIL AGRICOLA S A GOIANI : Devolucao compra mercadoria a fornecedor";"802";"-43,66"
"9543";"CARGNELUTTI COM DE GAS LTDA : Compra de voucher";"32";"138.240,00"
"14469";"CARLOS CANCIAN E CIA LTDA : Compra de mercadoria ENTR. ESPECIAL";"290";"1.636,73"
"14469";"CARLOS CANCIAN E CIA LTDA : Compra de mercadoria para revenda";"1";"541.843,67"
"14469";"CARLOS CANCIAN E CIA LTDA : Devolucao compra mercadoria a fornecedor";"802";"-77.863,26"
"18958";"CDC INDUSTRIA DE COSMETICOS LTDA : Compra de mercadoria para revenda";"1";"20.916,96"
"17702";"CELARE ALIMENTOS COM DISTRIB LTDA : Compra de mercadoria para revenda";"1";"7.099,20"
"6962";"CENTRAL DISTR OFERTAO DE ALIM LTDA : Compra de mercadoria para revenda";"1";"23.395,11"
"12743";"CEREAIS RUVIARO LTDA : Compra de mercadoria para revenda";"1";"64.280,00"
"12743";"CEREAIS RUVIARO LTDA : Devolucao compra mercadoria a fornecedor";"860";"-703,60"
"3555";"CEREALE PRODUTOS INTEGRAIS LTDA. : Compra de mercadoria para revenda";"1";"10.231,20"
"3555";"CEREALE PRODUTOS INTEGRAIS LTDA. : Devolucao compra mercadoria a fornecedor";"860";"-1.049,68"
"3555";"CEREALE PRODUTOS INTEGRAIS LTDA. : Devolucao compra mercadoria a fornecedor";"802";"-261,60"
"3712";"CEREALISTA STRECK LTDA : Compra de mercadoria para revenda";"1";"59.012,00"
"3712";"CEREALISTA STRECK LTDA : Devolucao compra mercadoria a fornecedor";"860";"-268,67"
"3712";"CEREALISTA STRECK LTDA : Devolucao compra mercadoria a fornecedor";"802";"-48,00"
"10153";"CHA PRENDA DO BRASIL IND E COM EIRELI : Compra de mercadoria para revenda";"1";"29.432,04"
"4488";"CIA ANDINA INDUSTRIA DE BEBIDAS LTDA : Compra de mercadoria para revenda";"1";"66.355,20"
"4488";"CIA ANDINA INDUSTRIA DE BEBIDAS LTDA : Devolucao compra mercadoria a fornecedor";"802";"-9.698,70"
"4296";"CILASI ALIMENTOS S E A. : Compra de mercadoria para revenda";"1";"11.152,50"
"8147";"CIMED REMEDIOS S.A : Compra de mercadoria para revenda";"1";"17.544,84"
"11522";"COAMO AGROINDUSTRIAL COOPERATIVA : Compra de mercadoria para revenda";"1";"213.828,00"
"2428";"COLGATE PALMOLIVE COMERCIAL LTDA : Compra de mercadoria para revenda";"1";"7.836,48"
"11172";"COM DE LARANJAS VALE DO CAI LTDA : Compra de hortifruti para revenda";"28";"15.692,30"
"11172";"COM DE LARANJAS VALE DO CAI LTDA : Compra de mercadoria para revenda";"1";"511,50"
"11970";"COM PROD AGRICOLAS PITANGUEIRA LTDA : Compra de mercadoria para revenda";"1";"16.143,75"
"7829";"COMERCIAL DE ALIMENTOS BOTUCARAI LTDA : Compra de mercadoria para revenda";"1";"18.600,30"
"3026";"COMERCIO DE CARVAO WESCHENFELDER LTDA : Compra de mercadoria para revenda";"1";"79.395,50"
"15739";"COMERCIO DE FRUTAS METZ - HARMONIA : Compra de hortifruti para revenda";"28";"4.512,00"
"14296";"COML WELTER MELATI SORVETES E GENEROS ALIMENTICIOS LTDA : Compra de mercadoria para revenda";"1";"980,28"
"9409";"COMPANHIA PARANAENSE DO MATTE LTDA : Compra de mercadoria para revenda";"1";"24.757,00"
"9409";"COMPANHIA PARANAENSE DO MATTE LTDA : Devolucao compra mercadoria a fornecedor";"802";"-622,00"
"6979";"CONSERVAS ODERICH SA : Compra de mercadoria para revenda";"1";"7.886,08"
"6979";"CONSERVAS ODERICH SA : Devolucao compra mercadoria a fornecedor";"860";"-86,95"
"14671";"CONSERVAS ODERICH SA : Compra de mercadoria para revenda";"1";"20.195,40"
"14671";"CONSERVAS ODERICH SA : Devolucao compra mercadoria a fornecedor";"860";"-6,19"
"14671";"CONSERVAS ODERICH SA : Devolucao compra mercadoria a fornecedor";"802";"-80,64"
"15520";"CONSERVAS ODERICH SA : Compra de mercadoria para revenda";"1";"41.113,93"
"15520";"CONSERVAS ODERICH SA : Devolucao compra mercadoria a fornecedor";"802";"-78,48"
"15520";"CONSERVAS ODERICH SA : Devolucao compra mercadoria a fornecedor";"860";"-1.003,20"
"15165";"COOP AGRICOLA MISTA NOVA PALMA LTDA : Compra de mercadoria para revenda";"1";"133.606,02"
"15165";"COOP AGRICOLA MISTA NOVA PALMA LTDA : Devolucao compra mercadoria a fornecedor";"860";"-1.793,46"
"10674";"COOP AGROINDUSTRIAL LAR : Compra de mercadoria para revenda";"1";"210.034,45"
"10674";"COOP AGROINDUSTRIAL LAR : Devolucao compra mercadoria a fornecedor";"802";"-15,67"
"16733";"COOP DALIA ALIMENTOS LTDA : Compra de mercadoria para revenda";"1";"1.371,93"
"16733";"COOP DALIA ALIMENTOS LTDA : Devolucao compra mercadoria a fornecedor";"802";"-3,46"
"14212";"COOP SANTA CLARA LTDA FRIGORIFICO : Compra de mercadoria para revenda";"1";"1.383,82"
"14212";"COOP SANTA CLARA LTDA FRIGORIFICO : Devolucao compra mercadoria a fornecedor";"802";"-257,78"
"10421";"COOP SANTA CLARA LTDA IND DE LATICINIOS : Compra de mercadoria ENTR. ESPECIAL";"290";"8.082,07"
"10421";"COOP SANTA CLARA LTDA IND DE LATICINIOS : Compra de mercadoria para revenda";"1";"804.481,29"
"10421";"COOP SANTA CLARA LTDA IND DE LATICINIOS : Devolucao compra mercadoria a fornecedor";"802";"-32.729,70"
"7607";"COOP SUINOCULTORES DO CAI SUPERIOR LTDA : Compra de mercadoria para revenda";"1";"4.850,93"
"12153";"COOP VINICOLA GARIBALDI LTDA : Compra de mercadoria para revenda";"1";"26.575,90"
"10721";"COOPERATIVA AGROINDUSTRIAL ALEGRETE LTDA : Compra de mercadoria para revenda";"1";"34.425,00"
"10721";"COOPERATIVA AGROINDUSTRIAL ALEGRETE LTDA : Devolucao compra mercadoria a fornecedor";"802";"-892,48"
"10721";"COOPERATIVA AGROINDUSTRIAL ALEGRETE LTDA : Devolucao compra mercadoria a fornecedor";"860";"-520,35"
"11947";"COOPERATIVA AGROINDUSTRIAL LAR : Compra de mercadoria para revenda";"1";"15.825,60"
"6675";"COOPERATIVA CENTRAL AURORA ALIMENTOS : Compra de mercadoria para revenda";"1";"279.020,01"
"6675";"COOPERATIVA CENTRAL AURORA ALIMENTOS : Devolucao compra mercadoria a fornecedor";"802";"-28.508,12"
"6781";"COOPERATIVA CENTRAL AURORA ALIMENTOS  : Compra de mercadoria para revenda";"1";"139.213,99"
"6781";"COOPERATIVA CENTRAL AURORA ALIMENTOS  : Devolucao compra mercadoria a fornecedor";"802";"-42.561,15"
"14321";"COOPERATIVA SANTA CLARA LTDA : Compra de mercadoria para revenda";"1";"31.773,00"
"14322";"COOPERATIVA SANTA CLARA LTDA : Compra de mercadoria ENTR. ESPECIAL";"290";"2.859,42"
"14322";"COOPERATIVA SANTA CLARA LTDA : Compra de mercadoria para revenda";"1";"149.469,52"
"14322";"COOPERATIVA SANTA CLARA LTDA : Devolucao compra mercadoria a fornecedor";"802";"-11.414,28"
"5595";"COSUEL-COOP. SUINOCULTORES DE ENCANTADO : Compra de mercadoria para revenda";"1";"11.173,74"
"5595";"COSUEL-COOP. SUINOCULTORES DE ENCANTADO : Devolucao compra mercadoria a fornecedor";"802";"-515,03"
"9638";"CRBS AS  CDD PELOTAS : Compra de mercadoria para revenda";"1";"725.653,59"
"14758";"CURIFEST COMERCIO ARTIGOS DE FESTA : Compra de mercadoria para revenda";"1";"27.369,21"
"9694";"D.S.A.INDUSTRIA E COMERCIO LTDA : Compra de mercadoria para revenda";"1";"145.585,59"
"9694";"D.S.A.INDUSTRIA E COMERCIO LTDA : Devolucao compra mercadoria a fornecedor";"802";"-5.930,69"
"13063";"DALI PET DIST ALIM E ACESS PEQ ANIM LTDA : Compra de mercadoria ENTR. ESPECIAL";"290";"840,84"
"13063";"DALI PET DIST ALIM E ACESS PEQ ANIM LTDA : Compra de mercadoria para revenda";"1";"41.952,34"
"21231";"DALMOLIN & VANZIN IMPORTACAO E EXPORTACAO DE PRODUTOS ALIMENTICIOS LTDA : Compra de mercadoria para revenda";"1";"900,88"
"14112";"DANONE LTDA : Compra de mercadoria para revenda";"1";"15.608,20"
"15466";"DARCI JACINTO PERIN & CIA LTDA : Compra de mercadoria ENTR. ESPECIAL";"290";"74,00"
"15466";"DARCI JACINTO PERIN & CIA LTDA : Compra de mercadoria para revenda";"1";"92,50"
"2977";"DELAVY ALIMENTOS LTDA : Compra de mercadoria para revenda";"1";"9.366,93"
"2977";"DELAVY ALIMENTOS LTDA : Devolucao compra mercadoria a fornecedor";"860";"-435,18"
"1947";"DELCIO LIMA GAVIAO : Emissao de contra nota de produtor rural";"200";"21.120,00"
"11342";"DIMED S.A. DISTRIBUIDORA DE MEDICAMENTOS : Compra de mercadoria para revenda";"1";"3.317,76"
"9274";"DISBAL RS DISTRIBUIDORA BALESTRIN LTDA : Compra de mercadoria para revenda";"1";"15.975,90"
"13400";"DISJOI S/A DISTRIBUICAO E LOGISTICA : Compra de mercadoria para revenda";"1";"4.606,00"
"10956";"DISPAL DIST.DE PRODUTOS ALIM.LAMANA : Compra de mercadoria para revenda";"1";"82.549,71"
"10956";"DISPAL DIST.DE PRODUTOS ALIM.LAMANA : Devolucao compra mercadoria a fornecedor";"802";"-542,56"
"16727";"DIST DE ALIM BRISTOT LTDA : Compra de mercadoria para revenda";"1";"89.603,90"
"16727";"DIST DE ALIM BRISTOT LTDA : Devolucao compra mercadoria a fornecedor";"802";"-2.494,30"
"7550";"DISTRIBUIDORA MEMPHIS : Compra de mercadoria para revenda";"1";"20.402,66"
"7550";"DISTRIBUIDORA MEMPHIS : Devolucao compra mercadoria a fornecedor";"802";"-387,59"
"4959";"DOCE MINEIRO LTDA : Compra de mercadoria para revenda";"1";"95.256,00"
"10648";"DOCILE ALIMENTOS LTDA : Compra de mercadoria para revenda";"1";"4.045,79"
"10648";"DOCILE ALIMENTOS LTDA : Devolucao compra mercadoria a fornecedor";"802";"-294,21"
"9622";"DU DIGO DESCARTAVEIS LTDA : Compra de mercadoria para revenda";"1";"6.629,95"
"8423";"DZ PETS LTDA : Compra de mercadoria para revenda";"1";"6.223,92"
"22515";"EDIVALDO IUNG PORTEL : Compra de hortifruti para revenda";"28";"79.193,00"
"22515";"EDIVALDO IUNG PORTEL : Devolucao compra mercadoria a fornecedor";"802";"-500,40"
"9442";"ELGIN DISTRIBUIDORA LTDA : Compra de mercadoria para revenda";"1";"31.203,18"
"14395";"ENGARRAFADORA BRAMBILA LTDA : Compra de mercadoria para revenda";"1";"28.033,43"
"4968";"ENOVA FOODS AS : Compra de mercadoria para revenda";"1";"52.388,64"
"19525";"EPG COMERCIO DE ALIMENTOS LTDA : Compra de mercadoria para revenda";"1";"9.375,00"
"9648";"EQUILIBRIO SAUDAVEL PROD NATURAIS EIRELI : Compra de mercadoria para revenda";"1";"3.500,94"
"9648";"EQUILIBRIO SAUDAVEL PROD NATURAIS EIRELI : Devolucao compra mercadoria a fornecedor";"802";"-77,40"
"7365";"ERVATEIRA PICOLO BADALOTTI LTDA. : Compra de mercadoria para revenda";"1";"7.998,00"
"16061";"ERVATEIRA REI VERDE LTDA : Compra de mercadoria para revenda";"1";"61.401,50"
"16061";"ERVATEIRA REI VERDE LTDA : Devolucao compra mercadoria a fornecedor";"802";"-952,76"
"6394";"ERVATEIRA SEIVA PURA LTDA : Compra de mercadoria para revenda";"1";"36.249,00"
"6394";"ERVATEIRA SEIVA PURA LTDA : Devolucao compra mercadoria a fornecedor";"802";"-537,10"
"6250";"ERVATEIRA TAURA LTDA : Compra de mercadoria para revenda";"1";"390,00"
"17048";"ERVATEIRA TOMELERO LTDA : Compra de mercadoria para revenda";"1";"13.820,00"
"14196";"ESDEL COMERCIO DE PRODUTOS ALIMENT LTDA : Compra de mercadoria para revenda";"1";"24.304,00"
"14196";"ESDEL COMERCIO DE PRODUTOS ALIMENT LTDA : Devolucao compra mercadoria a fornecedor";"802";"-682,00"
"8467";"ESSENCIAL PRODUTOS DE LIMPEZA LTDA : Compra de mercadoria para revenda";"1";"39.697,56"
"9608";"ESTANCIA DA FIGUEIRA COM HORTIFRUTI LTDA : Compra de mercadoria para revenda";"1";"104.904,00"
"9608";"ESTANCIA DA FIGUEIRA COM HORTIFRUTI LTDA : Devolucao compra mercadoria a fornecedor";"802";"-309,00"
"17035";"ESTRELA INDUSTRIA DE PAPEL LTDA : Devolucao compra mercadoria a fornecedor";"802";"-397,44"
"2298";"EVALDO LUIZ GLASS MORARI : Emissao de contra nota de produtor rural";"200";"11.077,50"
"7307";"EVER GREEN IND.COM.LTDA : Compra de mercadoria para revenda";"1";"18.877,10"
"3589";"EVERTON RICARDO BIEHL SOTT & CIA LTDA. : Compra de mercadoria para revenda";"1";"267.737,01"
"3589";"EVERTON RICARDO BIEHL SOTT & CIA LTDA. : Devolucao compra mercadoria a fornecedor";"802";"-10.438,83"
"15011";"EXCELSIOR ALIMENTOS S.A : Compra de mercadoria para revenda";"1";"169.423,17"
"15011";"EXCELSIOR ALIMENTOS S.A : Devolucao compra mercadoria a fornecedor";"802";"-2.295,47"
"7344";"EXCELSIOR ALIMENTOS S.A. : Compra de mercadoria para revenda";"1";"114.284,47"
"7344";"EXCELSIOR ALIMENTOS S.A. : Devolucao compra mercadoria a fornecedor";"802";"-6.602,52"
"3527";"FABIANO ZAFFALON E CIA LTDA : Compra de mercadoria ENTR. ESPECIAL";"290";"2.229,08"
"3527";"FABIANO ZAFFALON E CIA LTDA : Compra de mercadoria para revenda";"1";"422.098,77"
"3527";"FABIANO ZAFFALON E CIA LTDA : Devolucao compra mercadoria a fornecedor";"802";"-3.615,99"
"3527";"FABIANO ZAFFALON E CIA LTDA : Devolucao compra mercadoria a fornecedor";"860";"-2.829,48"
"11923";"FANTE INDUSTRIA DE BEBIDAS LTDA : Compra de mercadoria para revenda";"1";"21.901,73"
"11923";"FANTE INDUSTRIA DE BEBIDAS LTDA : Saida devolucao transferencia mercadoria";"801";"-302,68"
"13656";"FELTRIN SEMENTES LTDA : Compra de mercadoria para revenda";"1";"138,75"
"3974";"FERMENTO GOOD INSTANT LTDA. : Compra de mercadoria para revenda";"1";"6.395,10"
"7918";"FERRUCCI E MIRANDA LTDA-EPP : Compra de mercadoria para revenda";"1";"69.090,00"
"7918";"FERRUCCI E MIRANDA LTDA-EPP : Devolucao compra mercadoria a fornecedor";"860";"-3.021,79"
"16857";"FITOS ALIMENTOS LTDA : Compra de mercadoria para revenda";"1";"8.275,25"
"16857";"FITOS ALIMENTOS LTDA : Devolucao compra mercadoria a fornecedor";"860";"-376,78"
"9122";"FLORAPACK IND : Compra de mercadoria para revenda";"1";"28.594,04"
"7493";"FLORESTAL ALIMENTOS S.A. : Compra de mercadoria para revenda";"1";"10.618,44"
"22464";"FLORISVALDO MARTINS RODRIGUES : Compra de hortifruti para revenda";"28";"6.610,90"
"22464";"FLORISVALDO MARTINS RODRIGUES : Compra de mercadoria para revenda";"1";"64,60"
"22464";"FLORISVALDO MARTINS RODRIGUES : Emissao de contra nota de produtor rural";"200";"1.005,50"
"21822";"FONTANA S.A : Compra de mercadoria para revenda";"1";"28.295,07"
"19418";"FRIGORIFICO BRS LTDA : Compra de mercadoria para revenda";"1";"215.478,89"
"19418";"FRIGORIFICO BRS LTDA : Devolucao compra mercadoria a fornecedor";"802";"-245,12"
"14556";"FRIGORIFICO CHESINI LTDA : Compra de mercadoria para revenda";"1";"247.116,34"
"4444";"FRUTICOLA VALINHOS LTDA : Compra de hortifruti para revenda";"28";"30.725,00"
"4444";"FRUTICOLA VALINHOS LTDA : Compra de mercadoria para revenda";"1";"980,00"
"5791";"FUGINI ALIMENTOS LTDA : Compra de mercadoria para revenda";"1";"157.536,55"
"10281";"GABOARDI INDUSTRIAL DE MADEIRAS LTDA : Compra de mercadoria para revenda";"1";"6.403,26"
"6158";"GASPARIN CEREAIS LTDA ME : Compra de mercadoria para revenda";"1";"324.525,00"
"6158";"GASPARIN CEREAIS LTDA ME : Devolucao compra mercadoria a fornecedor";"802";"-3.000,00"
"13087";"GENESIO CEOLIN E CIA LTDA : Saida devolucao transferencia mercadoria";"801";"-2.929,50"
"16963";"GERMANI ALIMENTOS LTDA : Compra de mercadoria para revenda";"1";"255.624,40"
"16963";"GERMANI ALIMENTOS LTDA : Devolucao compra mercadoria a fornecedor";"860";"-3.794,96"
"3075";"GOIASMINAS INDUSTRIA DE LATICINIOS LTDA : Compra de mercadoria para revenda";"1";"45.754,80"
"3075";"GOIASMINAS INDUSTRIA DE LATICINIOS LTDA : Devolucao compra mercadoria a fornecedor";"802";"-50,64"
"3076";"GOIASMINAS INDUSTRIA DE LATICINIOS LTDA : Compra de mercadoria para revenda";"1";"26.025,30"
"3076";"GOIASMINAS INDUSTRIA DE LATICINIOS LTDA : Devolucao compra mercadoria a fornecedor";"802";"-123,93"
"13406";"GRACIELA MATOSAS LUQUE DE KUCZURA : Compra de mercadoria para revenda";"1";"4.967,04"
"15905";"GRANJA AVICOLA BOM FRANGO LTDA : Compra de mercadoria para revenda";"1";"194.173,22"
"7477";"GRANJA AVICOLA PETRY LTDA : Compra de mercadoria para revenda";"1";"27.750,00"
"6567";"HIGIE-PLUS INDUSTRIA E COM.LTDA : Compra de mercadoria para revenda";"1";"28.524,64"
"8459";"HIPER TEXTIL CAMA MESA E BANHO LTDA : Compra de mercadoria para revenda";"1";"6.389,15"
"10885";"HIPER TEXTIL LTDA : Compra de mercadoria para revenda";"1";"1.001,27"
"14480";"HOPPEN HOPPEN E CIA LTDA : Compra de mercadoria para revenda";"1";"13.398,00"
"8689";"HUBERTY REPR LTDA : Compra de mercadoria ENTR. ESPECIAL";"290";"1.554,00"
"8689";"HUBERTY REPR LTDA : Compra de mercadoria para revenda";"1";"13.902,75"
"10334";"IND COM PROD LIMP GIRANDO SOL LTDA : Compra de mercadoria para revenda";"1";"144.190,31"
"10334";"IND COM PROD LIMP GIRANDO SOL LTDA : Devolucao compra mercadoria a fornecedor";"860";"-442,05"
"9613";"IND E COM DE ALIMENTOS FUCHINA LTDA : Compra de mercadoria para revenda";"1";"50.307,60"
"9613";"IND E COM DE ALIMENTOS FUCHINA LTDA : Devolucao compra mercadoria a fornecedor";"860";"-206,22"
"13663";"IND E COM DE SABAO ZAVASKI LTDA : Compra de mercadoria para revenda";"1";"10.175,43"
"13663";"IND E COM DE SABAO ZAVASKI LTDA : Devolucao compra mercadoria a fornecedor";"860";"-433,40"
"5714";"IND E COMERCIO DE MASSA ROMENA LTDA : Compra de mercadoria para revenda";"1";"71.989,20"
"5714";"IND E COMERCIO DE MASSA ROMENA LTDA : Devolucao compra mercadoria a fornecedor";"802";"-2.040,21"
"16062";"INDUSTRIA DE ALIMENTOS PETRY LTDA : Compra de mercadoria para revenda";"1";"20.582,80"
"16062";"INDUSTRIA DE ALIMENTOS PETRY LTDA : Devolucao compra mercadoria a fornecedor";"860";"-825,77"
"16999";"INDUSTRIA E COMERCIO DE CEREAIS BOM DE GOSTO LTDA : Compra de mercadoria para revenda";"1";"33.400,00"
"16999";"INDUSTRIA E COMERCIO DE CEREAIS BOM DE GOSTO LTDA : Devolucao compra mercadoria a fornecedor";"860";"-465,50"
"17023";"INDUSTRIA E COMERCIO DE ERVA MATE SAO GABRIEL : Compra de mercadoria para revenda";"1";"4.213,00"
"17023";"INDUSTRIA E COMERCIO DE ERVA MATE SAO GABRIEL : Devolucao compra mercadoria a fornecedor";"802";"-1.116,00"
"21827";"INDUSTRIA E COMERCIO DE LATICINIOS PEREIRA LTDA : Compra de mercadoria para revenda";"1";"32.868,88"
"21827";"INDUSTRIA E COMERCIO DE LATICINIOS PEREIRA LTDA : Devolucao compra mercadoria a fornecedor";"802";"-1.969,01"
"6539";"INDUSTRIA E COMERCIO DE MASSAS DITALIA : Compra de mercadoria para revenda";"1";"40.730,87"
"6539";"INDUSTRIA E COMERCIO DE MASSAS DITALIA : Devolucao compra mercadoria a fornecedor";"802";"-3.970,05"
"16039";"INDUSTRIA MISSIATO DE BEBIDAS LTDA : Compra de mercadoria para revenda";"1";"20.127,66"
"16039";"INDUSTRIA MISSIATO DE BEBIDAS LTDA : Devolucao compra mercadoria a fornecedor";"802";"-110,62"
"9499";"INDUSTRIAS ANHEMBI LTDA. : Compra de mercadoria para revenda";"1";"24.952,06"
"9499";"INDUSTRIAS ANHEMBI LTDA. : Devolucao compra mercadoria a fornecedor";"802";"-340,44"
"5860";"IRMAOS FOLLE LTDA : Compra de mercadoria para revenda";"1";"16.050,00"
"5860";"IRMAOS FOLLE LTDA : Devolucao compra mercadoria a fornecedor";"802";"-571,30"
"14588";"IRMAOS RUIVO LTDA : Compra de mercadoria para revenda";"1";"16.955,31"
"14588";"IRMAOS RUIVO LTDA : Devolucao compra mercadoria a fornecedor";"860";"-551,06"
"16948";"ITALIANY ALIMENTOS LTDA. : Compra de mercadoria para revenda";"1";"90.421,85"
"16948";"ITALIANY ALIMENTOS LTDA. : Devolucao compra mercadoria a fornecedor";"802";"-5.923,84"
"8951";"JAIR B.HENICKA : Compra de mercadoria para revenda";"1";"20.700,00"
"9776";"JBS AVES LTDA : Compra de mercadoria para revenda";"1";"18.849,64"
"17064";"JBS AVES LTDA : Compra de mercadoria para revenda";"1";"314.662,67"
"17064";"JBS AVES LTDA : Devolucao compra mercadoria a fornecedor";"802";"-8.642,28"
"16491";"JBS S A : Compra de mercadoria para revenda";"1";"6.302.609,22"
"16491";"JBS S A : Devolucao compra mercadoria a fornecedor";"802";"-114.293,61"
"16355";"JBS S E A : Compra de mercadoria para revenda";"1";"13.634,00"
"16355";"JBS S E A : Devolucao compra mercadoria a fornecedor";"802";"-21,35"
"16474";"JBS S/A : Compra de mercadoria para revenda";"1";"122.338,13"
"16474";"JBS S/A : Devolucao compra mercadoria a fornecedor";"802";"-6.645,01"
"5988";"JIMO QUIMICA INDL LTDA : Compra de mercadoria para revenda";"1";"5.805,39"
"14408";"JKW COMERCIO E TRANSPORTE LTDA : Compra de mercadoria para revenda";"1";"26.250,00"
"2541";"JULIANO ALVES PAVANATTO : Compra de hortifruti para revenda";"28";"137.734,00"
"2541";"JULIANO ALVES PAVANATTO : Compra de mercadoria para revenda";"1";"6.124,00"
"2541";"JULIANO ALVES PAVANATTO : Compra de voucher";"32";"375,00"
"2541";"JULIANO ALVES PAVANATTO : Devolucao compra mercadoria a fornecedor";"802";"-753,60"
"2541";"JULIANO ALVES PAVANATTO : Emissao de contra nota de produtor rural";"200";"26.427,00"
"10142";"KASADOCE DISTRIBUIDORA DE ALIMENTOS LTDA : Compra de mercadoria ENTR. ESPECIAL";"290";"11.255,16"
"10142";"KASADOCE DISTRIBUIDORA DE ALIMENTOS LTDA : Compra de mercadoria para revenda";"1";"99.237,93"
"10142";"KASADOCE DISTRIBUIDORA DE ALIMENTOS LTDA : Devolucao compra mercadoria a fornecedor";"860";"-1.067,37"
"4591";"KI-KAKAU IND E COM DE CHOCOLATES LTDA : Compra de mercadoria para revenda";"1";"10.020,21"
"4591";"KI-KAKAU IND E COM DE CHOCOLATES LTDA : Devolucao compra mercadoria a fornecedor";"802";"-274,44"
"9379";"LACTALIS BRASIL COM IMP EXP LTDA : Compra de mercadoria para revenda";"1";"600.242,35"
"9379";"LACTALIS BRASIL COM IMP EXP LTDA : Devolucao compra mercadoria a fornecedor";"802";"-52.333,41"
"11977";"LACTICINIOS TIROL LTDA : Compra de mercadoria para revenda";"1";"14.830,08"
"11977";"LACTICINIOS TIROL LTDA : Devolucao compra mercadoria a fornecedor";"802";"-4.599,01"
"15209";"LACTICINIOS TIROL LTDA : Compra de mercadoria para revenda";"1";"4.748,40"
"15209";"LACTICINIOS TIROL LTDA : Devolucao compra mercadoria a fornecedor";"802";"-1.490,78"
"16169";"LATICINIOS BELA VISTA LTDA : Compra de mercadoria para revenda";"1";"137.842,80"
"12142";"LATICINIOS BIO LTDA : Compra de mercadoria para revenda";"1";"99.736,44"
"12142";"LATICINIOS BIO LTDA : Devolucao compra mercadoria a fornecedor";"802";"-10.386,44"
"13379";"LATICINIOS CAROLINA LTDA : Compra de mercadoria para revenda";"1";"127.472,84"
"13379";"LATICINIOS CAROLINA LTDA : Devolucao compra mercadoria a fornecedor";"802";"-27.774,45"
"16846";"LATICINIOS CENCI LTDA : Compra de mercadoria para revenda";"1";"961.557,50"
"16846";"LATICINIOS CENCI LTDA : Devolucao compra mercadoria a fornecedor";"802";"-11.344,74"
"15208";"LATICINIOS TIROL LTDA. : Compra de mercadoria para revenda";"1";"598.276,56"
"15208";"LATICINIOS TIROL LTDA. : Devolucao compra mercadoria a fornecedor";"802";"-13.237,11"
"13660";"LB COMERCIO DE CEREAIS LTDA : Compra de hortifruti para revenda";"28";"8.564,57"
"22493";"LEOSUL COMERCIO DE ALIMENTOS LTDA : Compra de hortifruti para revenda";"28";"11.810,00"
"22493";"LEOSUL COMERCIO DE ALIMENTOS LTDA : Compra de mercadoria para revenda";"1";"210,00"
"8243";"LIMPAMANIA INDUSTRIAL EIRELI - EPP : Compra de mercadoria para revenda";"1";"11.614,68"
"2957";"LUIZ EDUARDO DE SOUZA DOS SANTOS : Compra de hortifruti para revenda";"28";"101.798,10"
"2957";"LUIZ EDUARDO DE SOUZA DOS SANTOS : Compra de mercadoria para revenda";"1";"540,00"
"2957";"LUIZ EDUARDO DE SOUZA DOS SANTOS : Devolucao compra mercadoria a fornecedor";"802";"-958,80"
"2957";"LUIZ EDUARDO DE SOUZA DOS SANTOS : Emissao de contra nota de produtor rural";"200";"171.726,59"
"7995";"M DIAS BRANCO S.A IND E COM DE ALIMENTOS : Compra de mercadoria para revenda";"1";"116.079,44"
"7995";"M DIAS BRANCO S.A IND E COM DE ALIMENTOS : Devolucao compra mercadoria a fornecedor";"802";"-630,80"
"10525";"MACKERDUZ IND DE PROD DE LIMPEZA LTDA : Compra de mercadoria para revenda";"1";"13.964,78"
"6894";"MADRUGADA ALIMENTOS LTDA : Compra de mercadoria para revenda";"1";"5.032,80"
"8576";"MAIS FRANGO MIRAGUAI LTDA : Compra de mercadoria para revenda";"1";"140.961,01"
"14458";"MAKENA MAQ. EQUIP. E LUBRIF LTDA : Compra de mercadoria para revenda";"1";"42.722,92"
"13123";"MANUFATURA PRODUTOS KING LTDA : Compra de mercadoria para revenda";"1";"14.492,02"
"14794";"MARFRIG ALIMENTOS S/A : Compra de mercadoria para revenda";"1";"20.502,00"
"14794";"MARFRIG ALIMENTOS S/A : Devolucao compra mercadoria a fornecedor";"802";"-40,80"
"11645";"MARFRIG GLOBAL FOODS : Compra de mercadoria para revenda";"1";"25.389,00"
"11645";"MARFRIG GLOBAL FOODS : Devolucao compra mercadoria a fornecedor";"802";"-136,50"
"10511";"MARQUESPAN ALIMENTOS LTDA : Compra de mercadoria para revenda";"1";"716.982,78"
"10511";"MARQUESPAN ALIMENTOS LTDA : Devolucao compra mercadoria a fornecedor";"802";"-659,94"
"6189";"MATEVEL-ERVA MATE VERDINHA LTDA. : Compra de mercadoria para revenda";"1";"6.800,00"
"6189";"MATEVEL-ERVA MATE VERDINHA LTDA. : Devolucao compra mercadoria a fornecedor";"860";"-247,50"
"6189";"MATEVEL-ERVA MATE VERDINHA LTDA. : Devolucao compra mercadoria a fornecedor";"802";"-76,00"
"12518";"MAURICE MARTINS SORIA : Compra de mercadoria para revenda";"1";"35.370,60"
"10368";"MELITTA DO BRASIL E COMERCIO LTDA. : Compra de mercadoria para revenda";"1";"145.204,35"
"10368";"MELITTA DO BRASIL E COMERCIO LTDA. : Devolucao compra mercadoria a fornecedor";"860";"-4.819,12"
"10617";"MENON COMERCIO E REPRESENTACOES LTDA : Compra de mercadoria para revenda";"1";"5.385,00"
"13207";"MILANESE INDUSTRIA DE ALIMENTOS LTDA : Compra de mercadoria para revenda";"1";"4.541,08"
"13207";"MILANESE INDUSTRIA DE ALIMENTOS LTDA : Devolucao compra mercadoria a fornecedor";"802";"-128,40"
"10190";"MILI S/A : Compra de mercadoria para revenda";"1";"111.346,81"
"1792";"MILTON R.MARQUES/A.PERES/J ROS : Compra de mercadoria para revenda";"1";"189,00"
"1792";"MILTON R.MARQUES/A.PERES/J ROS : Emissao de contra nota de produtor rural";"200";"6.552,00"
"10321";"MOINHO DO NORDESTE SA : Compra de mercadoria para revenda";"1";"18.758,60"
"10321";"MOINHO DO NORDESTE SA : Devolucao compra mercadoria a fornecedor";"860";"-2.092,36"
"16900";"MOINHO ESTRELA LTDA : Compra de mercadoria para revenda";"1";"2.660,00"
"14328";"MOINHOS GALOPOLIS S/A : Compra de mercadoria para revenda";"1";"46.000,00"
"14328";"MOINHOS GALOPOLIS S/A : Devolucao compra mercadoria a fornecedor";"860";"-2.670,80"
"6364";"MOINHOS UNIDOS BRASIL MATE S.A : Compra de mercadoria para revenda";"1";"7.879,99"
"5323";"MORESCO & ANTUNES LTDA : Saida devolucao transferencia mercadoria";"801";"-174,00"
"6486";"MOSMANN ALIM LTDA : Compra de mercadoria para revenda";"1";"4.599,10"
"4131";"NAT CEREAIS E ALIMENTOS LTDA : Compra de mercadoria para revenda";"1";"17.470,40"
"4131";"NAT CEREAIS E ALIMENTOS LTDA : Devolucao compra mercadoria a fornecedor";"860";"-273,42"
"8305";"NATURAPEL IND DE PAPEIS LTDA : Compra de mercadoria para revenda";"1";"21.883,70"
"12447";"NEILAR IND COM DE ALIMENTOS LTDA : Compra de mercadoria para revenda";"1";"3.402,30"
"12447";"NEILAR IND COM DE ALIMENTOS LTDA : Devolucao compra mercadoria a fornecedor";"802";"-172,08"
"12447";"NEILAR IND COM DE ALIMENTOS LTDA : Devolucao compra mercadoria a fornecedor";"860";"-189,64"
"15134";"NESTLE BRASIL LTDA : Compra de mercadoria para revenda";"1";"604.937,51"
"15134";"NESTLE BRASIL LTDA : Devolucao compra mercadoria a fornecedor";"802";"-478,30"
"15134";"NESTLE BRASIL LTDA : Devolucao compra mercadoria a fornecedor";"860";"-46.181,91"
"3266";"NILO TOZZO DISTRIBUIDORA LTDA : Compra de mercadoria para revenda";"1";"93.268,46"
"3266";"NILO TOZZO DISTRIBUIDORA LTDA : Devolucao compra mercadoria a fornecedor";"802";"-87,40"
"16654";"NOP IND E COM DE ALIMENTOS LTDA EPP : Compra de mercadoria para revenda";"1";"108.130,39"
"16654";"NOP IND E COM DE ALIMENTOS LTDA EPP : Devolucao compra mercadoria a fornecedor";"802";"-1.051,79"
"17077";"NUTRISUL ALIMENTOS LTDA : Compra de mercadoria para revenda";"1";"94.706,70"
"17077";"NUTRISUL ALIMENTOS LTDA : Devolucao compra mercadoria a fornecedor";"802";"-505,50"
"17077";"NUTRISUL ALIMENTOS LTDA : Devolucao compra mercadoria a fornecedor";"860";"-402,46"
"22762";"ODERICH ALIMENTOS LTDA : Compra de mercadoria para revenda";"1";"50.169,60"
"6644";"ONIZ DISTRIBUID LTDA SCJ : Compra de mercadoria para revenda";"1";"297.911,01"
"6644";"ONIZ DISTRIBUID LTDA SCJ : Devolucao compra mercadoria a fornecedor";"802";"-1.002,91"
"6644";"ONIZ DISTRIBUID LTDA SCJ : Devolucao compra mercadoria a fornecedor";"860";"-12.281,72"
"7019";"ORCA DISTRIBUIDORA E TRANSPORTES LTDA. : Compra de mercadoria para revenda";"1";"31.817,34"
"11279";"ORTAGGI DISTRIB DE ALIMENTOS LTDA : Compra de hortifruti para revenda";"28";"42.878,00"
"11279";"ORTAGGI DISTRIB DE ALIMENTOS LTDA : Compra de mercadoria para revenda";"1";"1.100,00"
"5528";"PAMPLONA ALIMENTOS : Compra de mercadoria para revenda";"1";"121.773,34"
"15756";"PANARIUS DISTRIB LTDA : Compra de mercadoria para revenda";"1";"40.269,50"
"15756";"PANARIUS DISTRIB LTDA : Devolucao compra mercadoria a fornecedor";"802";"-1.387,50"
"15497";"PANDURATA ALIMENTOS LTDA : Compra de mercadoria para revenda";"1";"22.884,87"
"15497";"PANDURATA ALIMENTOS LTDA : Devolucao compra mercadoria a fornecedor";"802";"-1.028,40"
"11898";"PANIFICIO MALLET LTDA. : Compra de mercadoria para revenda";"1";"16.943,84"
"11898";"PANIFICIO MALLET LTDA. : Devolucao compra mercadoria a fornecedor";"802";"-573,20"
"10111";"PANIFICIO PANINE LTDA  : Compra de mercadoria para revenda";"1";"3.915,60"
"12257";"PARATI IND.COM.DE ALIMENTOS LTDA : Compra de mercadoria para revenda";"1";"42.455,38"
"12257";"PARATI IND.COM.DE ALIMENTOS LTDA : Devolucao compra mercadoria a fornecedor";"860";"-2.241,39"
"10124";"PEPSICO DO BRASIL LTDA : Compra de mercadoria para revenda";"1";"247.784,30"
"10124";"PEPSICO DO BRASIL LTDA : Devolucao compra mercadoria a fornecedor";"802";"-6.534,98"
"6485";"PIETROBON E CIA. LTDA : Compra de mercadoria para revenda";"1";"29.185,61"
"6485";"PIETROBON E CIA. LTDA : Devolucao compra mercadoria a fornecedor";"860";"-2.549,49"
"12592";"PILECCO E CIA. LTDA : Compra de mercadoria para revenda";"1";"146.285,25"
"12592";"PILECCO E CIA. LTDA : Devolucao compra mercadoria a fornecedor";"802";"-965,17"
"12592";"PILECCO E CIA. LTDA : Devolucao compra mercadoria a fornecedor";"860";"-373,74"
"12581";"PIRAHY ALIMENTOS LTDA : Compra de mercadoria para revenda";"1";"27.203,70"
"12581";"PIRAHY ALIMENTOS LTDA : Devolucao compra mercadoria a fornecedor";"860";"-2.410,14"
"14965";"PIRISA PIRETRO INDUSTRIAL LTDA : Compra de mercadoria para revenda";"1";"4.386,03"
"9973";"PLASUTIL IND.COM.DE PLASTICOS LTDA : Compra de mercadoria para revenda";"1";"39.327,17"
"15318";"PODAL IND E COM DE ALIMENTOS LTDA : Bonificacao de mercadoria com custo";"101";"2.508,00"
"15318";"PODAL IND E COM DE ALIMENTOS LTDA : Compra de mercadoria para revenda";"1";"287.574,40"
"15318";"PODAL IND E COM DE ALIMENTOS LTDA : Devolucao compra mercadoria a fornecedor";"802";"-4.039,20"
"10489";"POLWAX INDUSTRIA QUIMICA LTDA : Compra de mercadoria para revenda";"1";"2.804,88"
"18979";"POMPEIA SA INDUSTRIA E COMERCIO : Compra de mercadoria para revenda";"1";"5.394,24"
"9605";"PONCHE VERDE INDL. DO MATE LTDA. : Compra de mercadoria para revenda";"1";"189.350,00"
"9605";"PONCHE VERDE INDL. DO MATE LTDA. : Devolucao compra mercadoria a fornecedor";"860";"-4.381,60"
"3946";"PONTELAND DISTRIBUICAO LTDA : Compra de mercadoria para revenda";"1";"18.426,57"
"4434";"QUIMICA AMPARO LTDA. : Compra de mercadoria para revenda";"1";"65.868,77"
"4434";"QUIMICA AMPARO LTDA. : Saida devolucao transferencia mercadoria";"801";"-213,12"
"6634";"RAFAEL CRUZ DA SILVA : Emissao de contra nota de produtor rural";"200";"143,50"
"15886";"REDOL ALIMENTOS LTDA : Compra de mercadoria para revenda";"1";"33.541,20"
"15886";"REDOL ALIMENTOS LTDA : Devolucao compra mercadoria a fornecedor";"802";"-78,20"
"15886";"REDOL ALIMENTOS LTDA : Devolucao compra mercadoria a fornecedor";"860";"-2.450,08"
"5666";"RITTER ALIMENTOS S.A. : Compra de mercadoria para revenda";"1";"5.560,71"
"5739";"ROBERTO CORADINI E CIA LTDA : Compra de mercadoria para revenda";"1";"152.000,00"
"5739";"ROBERTO CORADINI E CIA LTDA : Devolucao compra mercadoria a fornecedor";"860";"-564,97"
"21894";"ROCHA E FILHOS LTDA : Compra de mercadoria para revenda";"1";"38.399,40"
"2111";"RONEI MENDONCA FRANCO CAMILA ECHEVERRIA : Emissao de contra nota de produtor rural";"200";"1.345,55"
"7076";"S.A.FOSFOROS GABOARDI : Compra de mercadoria para revenda";"1";"32.263,50"
"12822";"SANDERO-FAB. VELAS SAO JUDAS TADEU LTDA : Compra de mercadoria para revenda";"1";"36.301,78"
"21149";"SANGOI E RUVIARO LTDA : Compra de mercadoria para revenda";"1";"6.598,70"
"21149";"SANGOI E RUVIARO LTDA : Devolucao compra mercadoria a fornecedor";"802";"-338,10"
"13254";"SANREMO S E A : Compra de mercadoria para revenda";"1";"1.237,61"
"16989";"SANTI INDUSTRIA E COMERCIO LTDA : Compra de mercadoria para revenda";"1";"10.460,00"
"16989";"SANTI INDUSTRIA E COMERCIO LTDA : Devolucao compra mercadoria a fornecedor";"802";"-1.831,50"
"16351";"SEARA ALIMENTOS LTDA : Compra de mercadoria para revenda";"1";"501.361,71"
"4879";"SEMALO IND E COMERCIO ALIMENTOS LTDA : Compra de mercadoria para revenda";"1";"22.648,31"
"4879";"SEMALO IND E COMERCIO ALIMENTOS LTDA : Devolucao compra mercadoria a fornecedor";"802";"-213,58"
"12839";"SEPAC-SERRADOS E PASTA DE CELULOSE LTDA. : Compra de mercadoria para revenda";"1";"39.835,91"
"6857";"SGM INDUSTRIA DE COSMETICOS LTDA : Compra de mercadoria para revenda";"1";"13.637,34"
"11435";"SILVESTRIN - COM IMP EXP FRUTAS LTDA : Compra de hortifruti para revenda";"28";"15.920,00"
"11435";"SILVESTRIN - COM IMP EXP FRUTAS LTDA : Compra de mercadoria para revenda";"1";"160,00"
"22168";"SOBEL INDUSTRIA E COMERCIO DE PRODUTOS DE LIMPEZA LTDA : Compra de mercadoria para revenda";"1";"76.536,24"
"13559";"SOUZA CRUZ SA : Compra de mercadoria para revenda";"1";"80.753,94"
"13559";"SOUZA CRUZ SA : Devolucao compra mercadoria a fornecedor";"802";"-2.995,88"
"15441";"SPAL IND BRAS BEBIDAS AS : Compra de mercadoria para revenda";"1";"1.643.157,69"
"15441";"SPAL IND BRAS BEBIDAS AS : Devolucao compra mercadoria a fornecedor";"802";"-134.219,51"
"16165";"SPECIATTA CONGELADOS LTDA : Compra de mercadoria para revenda";"1";"129.035,35"
"16165";"SPECIATTA CONGELADOS LTDA : Devolucao compra mercadoria a fornecedor";"802";"-37,06"
"17027";"SUPERAUTO PRODUTOS AUTOMOTIVOS LTDA : Compra de mercadoria para revenda";"1";"23.392,05"
"1";"SUPERMERCADO BAKLIZI LTDA : Compra de mercadoria ENTR. ESPECIAL";"290";"3.893,52"
"1";"SUPERMERCADO BAKLIZI LTDA : Compra de mercadoria para revenda";"1";"24.229,90"
"2";"SUPERMERCADO BAKLIZI LTDA : Compra de hortifruti para revenda";"28";"4.121,50"
"2";"SUPERMERCADO BAKLIZI LTDA : Compra de mercadoria para revenda";"1";"544,06"
"11690";"TIAGO MACHADO ZIANI : Compra de voucher";"32";"2.500,00"
"10683";"TONDO S/A : Compra de mercadoria para revenda";"1";"12.699,80"
"10683";"TONDO S/A : Devolucao compra mercadoria a fornecedor";"860";"-2.096,16"
"13838";"TOPFLEX DISTRIBUIDOR DE ALIMENTOS : Compra de mercadoria ENTR. ESPECIAL";"290";"1.158,15"
"13838";"TOPFLEX DISTRIBUIDOR DE ALIMENTOS : Compra de mercadoria para revenda";"1";"140.794,24"
"2881";"TOZZO ALIMENTOS LTDA : Compra de mercadoria para revenda";"1";"243.382,40"
"2881";"TOZZO ALIMENTOS LTDA : Devolucao compra mercadoria a fornecedor";"802";"-8.025,83"
"14339";"TRAMONTINA ELETRIK S.A : Compra de mercadoria para revenda";"1";"9.316,19"
"16038";"TRIVIALY ALIMENTOS : Compra de mercadoria para revenda";"1";"17.501,95"
"16038";"TRIVIALY ALIMENTOS : Devolucao compra mercadoria a fornecedor";"802";"-618,89"
"3303";"TRIVIALY ALIMENTOS LTDA : Compra de mercadoria para revenda";"1";"1.064,48"
"14718";"UNIAGRO -IND.E COM.DE PROD.ALIM.LTDA : Compra de mercadoria para revenda";"1";"30.069,00"
"5894";"UNIDASUL DISTRIBUIDORA ALIMENTICIA S/A : Compra de mercadoria para revenda";"1";"612.654,81"
"5894";"UNIDASUL DISTRIBUIDORA ALIMENTICIA S/A : Devolucao compra mercadoria a fornecedor";"860";"-1.429,03"
"5894";"UNIDASUL DISTRIBUIDORA ALIMENTICIA S/A : Devolucao compra mercadoria a fornecedor";"802";"-5.509,02"
"6703";"VONPAR ALIMENTOS S.A : Compra de mercadoria para revenda";"1";"74.631,70"
"2691";"YARA  ALIMENTOS  LTDA. : Compra de hortifruti para revenda";"28";"2.479,00"
"17017";"ZAFFALON E CIA LTDA : Compra de mercadoria para revenda";"1";"362.697,18"
"17017";"ZAFFALON E CIA LTDA : Devolucao compra mercadoria a fornecedor";"802";"-694,68"
"4005";"ZAM E BOM - IND E COM DE PROD ALIM LTDA : Compra de mercadoria para revenda";"1";"16.245,00"
"";"TOTAL: 449 linhas";"";"35.209.879,29"
