sep=,
"Total de Mercadorias sem Giro: 58"
"790 - B&S BRAND DISTRIBUTION BV - Total de Mercadorias: 4"
"Cod. Interno","Cod. Principal",Mercadoria,"Cod. Fornecedor",Marca,Estoque,"Vlr Estoque","Custo Praticado","Preço de Venda","Preço Promocional","Data Última Entrada","Data Última Venda"
10025136,7908355300000,"GIM AMAZZONI GIN 700ML GRAD.ALCOOLICA 42% MARCA AMAZZONI",10025136,AMAZZONI,1.000,"44,33","44,33","75,99","0,00",04/07/2024,
10025137,7908355300017,"GIM AMAZZONI RIO NEGRO GIN 700ML GRAD.ALCOOLICA 51% MARCA AMAZZONI",10025137,AMAZZONI,1.000,"52,98","52,98","86,99","0,00",04/07/2024,
10052194,,"PROVADOR PERFUME HUGO BOSS BOTTLED BOSS BEYOND EDP 100ML",10052194,,1.000,"18,78","19,53","0,00","0,00",03/10/2025,
10061216,7622201787790,"BARRAS DE CHOCOLATE RECHEADA MILKA MMMAX CHOCO COOKIE 300GR MARCA MILKA",10061216,MILKA,7.000,"96,53","13,61","26,90","0,00",20/04/2026,13/06/2026
"709 - BYLASOL S.A - Total de Mercadorias: 2"
"Cod. Interno","Cod. Principal",Mercadoria,"Cod. Fornecedor",Marca,Estoque,"Vlr Estoque","Custo Praticado","Preço de Venda","Preço Promocional","Data Última Entrada","Data Última Venda"
10020268,3616301296683,"PERFUME CK DEFY EDP 50ML COM 14.50% DE OLEOS ESSENCIAS",10020268,,4.000,"483,36","182,86","359,99","0,00",26/02/2026,
10020347,7640496670054,"PROVADOR TESTER PERFUME TOMMY IMPACT INTENSE EDP 100ML+TRAVEL SPRAY 4ML COM",10020347,,1.000,"53,82","54,00","0,00","0,00",19/09/2025,
"210 - COMPANIA DE INDIAS LTDA - Total de Mercadorias: 3"
"Cod. Interno","Cod. Principal",Mercadoria,"Cod. Fornecedor",Marca,Estoque,"Vlr Estoque","Custo Praticado","Preço de Venda","Preço Promocional","Data Última Entrada","Data Última Venda"
10020026,8029241113654,"SABONETE LIQUIDO DISNEY CLASSIC SWEET STRAWBERRY MINNIE VITALCARE 300ML.",10020026,"VITALCARE ",5.000,"73,20","14,64","27,99","0,00",19/09/2025,
10020027,8029241115665,"SABONETE LIQUIDO DISNEY PRINCESS VITALCARE 300ML.",10020027,"VITALCARE ",4.000,"70,56","15,75","27,99","0,00",19/09/2025,
10020033,8029241131818,"SABONETE LIQUIDO BARBIE VITALCARE 300ML.",10020033,"VITALCARE ",1.000,"17,66","17,66","27,99","0,00",19/09/2025,
"55 - COMPU KING, INC - Total de Mercadorias: 7"
"Cod. Interno","Cod. Principal",Mercadoria,"Cod. Fornecedor",Marca,Estoque,"Vlr Estoque","Custo Praticado","Preço de Venda","Preço Promocional","Data Última Entrada","Data Última Venda"
10010052,780456873594,"ALTO FALANTE MATRIX BLAST PORTABLE WIRELESS SPEAKER 20W TWS BLUE",10010052,,1.000,"209,28","170,06","325,00","0,00",17/01/2022,
10016648,6941812705988,"SMARTPHONE PORTATIL XIAOMI 13 LITE 5G 8GB/128GB LITE BLUE VOLTAGEM 100-240V - 50",10016648,XIAOMI,1.000,"1.665,97","1.665,97","2.890,00","0,00",09/06/2023,
10039333,8712581755089,"COMBO MOUSE E TECLADO SEM FIO PHILIPS BLACK ENGLISH/SPANISH C501 - SPT6501B/00",10039333,PHILIPS,1.000,"64,11","64,20","119,99","0,00",05/03/2025,30/04/2026
10039400,6941812751985,"BALANCA XIAOMI BODY COMPOSITION SCALE S400 ATE 150KGS BHR7793GL",10039400,XIAOMI,1.000,"97,43","93,23","169,99","0,00",05/03/2025,
10047996,,"PROVADOR PERFUME LATTAFA FAKHAR GOLD EXTRAIT EDP 3.4OZ",10047996,LATTAFA,1.000,"0,07","0,05","50,00","0,00",26/03/2026,
10062548,,"PROVADOR LATTAFA ASAD BOURBON EDP 3.4OZ 100ML MEN MAIS DE 10% DE OLEOS",10062548,LATTAFA,1.000,"0,05","0,05","50,00","0,00",26/03/2026,
10062554,,"PROVADOR LATTAFA FAKHAR PLATINUM EDP 3.4OZ 100ML MAIS DE 10% DE OLEOS ESSENCIAI",10062554,LATTAFA,1.000,"0,05","0,05","50,00","0,00",26/03/2026,
"881 - COSTA FREE - Total de Mercadorias: 1"
"Cod. Interno","Cod. Principal",Mercadoria,"Cod. Fornecedor",Marca,Estoque,"Vlr Estoque","Custo Praticado","Preço de Venda","Preço Promocional","Data Última Entrada","Data Última Venda"
10036858,6921100001602,"JARRA ELETRICA DE VIDRO 1,8 LTS BLACK  220V/50-60HZ 1500W NORTH TECH NT-K30",10036858,"NORTH TECH",1.000,"28,79","26,23","49,99","0,00",29/05/2026,25/05/2026
"821 - EPICUROS SAS - Total de Mercadorias: 2"
"Cod. Interno","Cod. Principal",Mercadoria,"Cod. Fornecedor",Marca,Estoque,"Vlr Estoque","Custo Praticado","Preço de Venda","Preço Promocional","Data Última Entrada","Data Última Venda"
10029122,5055443647232,"CONJUNTO DE PREPARAES PARA BANHO DE LUXO GRACE COLE LOCAO CORPORAL 100ML",10029122,,1.000,"45,66","45,66","84,99","0,00",08/03/2025,
10042640,842817061283,"BRINQUEDO DA MARCA HOT FOCUS - 017TB - CONJUNTO DE UNHAS DECORATIVAS COM BRILHO",10042640,"HOT FOCUS ",1.000,"22,92","22,92","39,99","0,00",18/06/2026,28/03/2026
"341 - ESSENCE CORP - Total de Mercadorias: 4"
"Cod. Interno","Cod. Principal",Mercadoria,"Cod. Fornecedor",Marca,Estoque,"Vlr Estoque","Custo Praticado","Preço de Venda","Preço Promocional","Data Última Entrada","Data Última Venda"
10005551,8057971188130,"PROVADOR AGUA DE COLONIA DOLCE  GABBANA LIGHT BLUE POUR HOMME EDT 100ML",10005551,"DOLCE & GABANNA",1.000,"4,61","4,68","50,00","0,00",28/02/2026,
10047349,8719134185539,"ESTOJO THE RITUAL OF SAKURA GEL BANHO ESP+CREME CORP+S HAMPOO+CONDICIONADOR",10047349,RITUALS,4.000,"396,68","100,16","199,99","0,00",30/04/2026,
10055494,8057971188307,"PROVADOR PERFUME DOLCE  GABBANA DEVOTION INTENSE EDP 100ML",10055494,"DOLCE & GABANNA",1.000,"54,27","7,23","0,00","0,00",28/02/2026,
10055499,8057971188154,"AMOSTRA GRATIS AGUA DE COLONIA DOLCE  GABBANA LIGHT BLUE POUR HOMME EDT 2ML MEN",10055499,,4.000,"0,84","0,20","0,05","0,00",28/02/2026,
"409 - GEMISTER SA - Total de Mercadorias: 13"
"Cod. Interno","Cod. Principal",Mercadoria,"Cod. Fornecedor",Marca,Estoque,"Vlr Estoque","Custo Praticado","Preço de Venda","Preço Promocional","Data Última Entrada","Data Última Venda"
10004899,,"CONS-DISP BOBINA SEMI AUTOMATICO PLESTIN",10004899,,2.000,"450,00","225,00","0,00","0,00",08/09/2021,
10005102,3595471095015,"AGUA DE COLONIA SET MB THE MOVE EDT 100ml+ DEO 75gr.",10005102,"MERCEDES BENZ",1.000,"239,57","239,57","359,90","0,00",19/09/2025,
10010260,7890930231376,"LIXEIRA COM PEDAL EM ACO INOXIDAVEL 5L",10010260,,1.000,"39,14","36,75","71,90","0,00",09/05/2025,10/01/2026
10017198,7891020247123,"TAMPA REPOSICAO PARA GARRAFA TERMICA DE PLASTICO. 24712",10017198,,1.000,"1,45","1,45","2,99","0,00",19/09/2025,
10018846,,"ASSADEIRA ANTIADERENTE RETANGULAR. TAMANHO 32X27CM",10018846,,60.000,"586,80","9,78","0,00","0,00",29/09/2023,
10020745,4975769470554,"ALTO FALANTE 6.5 X2 JVC PARTY, MODELO XS-N41111PBU.",10020745,,1.000,"400,98","405,65","689,99","0,00",13/07/2024,
10026554,5000299634158,"GIN BEEFEATER LONDON PEACH E RASPBERRY 700ML, G.A 37,5%",10026554,BEEFEATER,1.000,"38,89","38,84","89,99","0,00",22/05/2025,
10027884,7891020256835,"MANTA COBERTOR PARA ANIMAL DE ESTIMAO PET TAMANHO 60X40CM",10027884,,1.000,"3,04","2,99","9,99","0,00",19/09/2025,08/06/2026
10028786,7730774000502,"FRITADEIRA DE AR ALESSIA CUORI MODELO CUO-DW25 CAPAC 4.5L",10028786,CUORI,1.000,"213,05","195,76","339,99","0,00",19/12/2025,
10039182,6925281998751,"CAIXA DE SOM PORTATIL C/ BLUETOOTH 136W BOOMBOX 3 CAMUFLAGEM VERDE JBL",10039182,JBL,1.000,"1.685,12","1.492,35","2.599,99","0,00",04/04/2026,
10046852,7798125630273,"VINHO FINO ROSADO MENDEL, ROSADIA, 750ML GA 13,5% SAFRA 2024",10046852,MENDEL,2.000,"83,06","41,31","72,99","0,00",03/07/2025,
10055084,6962112510072,"TELEVISOR SMART TV 43 VIDAA OS FULL HD LIDER MODELO GE1007",10055084,LIDER,1.000,"653,55","653,55","999,99","0,00",30/05/2026,29/05/2026
10055087,7895165213326,"FORNO ELETRICO LIDER MODELO GE1014 CAPAC 50 LITROS",10055087,LIDER,1.000,"249,83","241,30","459,99","0,00",11/04/2026,11/04/2026
"835 - INTERNATIONAL BRANDS DISTRIBUTION CORP - Total de Mercadorias: 11"
"Cod. Interno","Cod. Principal",Mercadoria,"Cod. Fornecedor",Marca,Estoque,"Vlr Estoque","Custo Praticado","Preço de Venda","Preço Promocional","Data Última Entrada","Data Última Venda"
10029574,850060215292,"ESPONJA D/BANHO C/GEL DE BAN IMPREG DAISY COLLEC GRAPE CASSIS RED SPONGELLE 85GR",10029574,"SPONGELLE ",1.000,"28,92","29,02","49,99","0,00",09/10/2024,
10029584,853831008161,"ESPONJA D/BANHO C/GEL DE BAN IMPREG DAISY COLLEC BEACH GRASS WHI SPONGELLE 85GR",10029584,"SPONGELLE ",1.000,"28,77","28,89","49,99","0,00",16/09/2025,
10029587,850780001410,"ESPONJA D/BANHO C/GEL DE BAN IMPREG DAISY COLLEC WHITE FLOWE FREESIA 85G",10029587,"SPONGELLE ",1.000,"28,77","28,89","49,99","0,00",16/09/2025,
10029588,850780001397,"ESPONJA D/BANHO C/GEL DE BAN IMPREG DAISY COLLEC FRENCH LAVENDER - PURPLE 85G",10029588,"SPONGELLE ",3.000,"86,31","28,89","49,99","0,00",16/09/2025,
10052646,,"PROVADOR DAVID BECKHAM INSTINCT EDP 75ML CM MAIS DE 10% DE OLEOS ESSENCIAIS",10052646,"DAVID BECKHAM",20.000,"1.530,80","1,69","0,00","0,00",16/09/2025,
10052647,,"PROVADOR ADIDAS MOD HACK - FULL RECHARGE - EDP 100ML COM 10% DE OELOS ESSENCIAIS",10052647,ADIDAS,5.000,"5,65","1,50","0,00","0,00",16/09/2025,
10052648,,"PROVADOR ADIDAS MOOD HACK - ENERGY DRIVE - EDP - 100ML COM MAIS DE 10% DE OLEOS",10052648,ADIDAS,5.000,"5,65","1,50","0,00","0,00",16/09/2025,
10052649,,"PROVADO ADIDAS MOOD HACK - HAPPY FEELS - EDP - 100ML CM MAIS DE 10% DE OELOS ECN",10052649,ADIDAS,5.000,"5,65","1,50","0,00","0,00",16/09/2025,
10052650,,"PROVADOR ADIDAS MOOD HACK - GET COMFY - EDP - 100ML COM MAIS DE 10% DE OELOS ECN",10052650,ADIDAS,5.000,"5,65","1,50","0,00","0,00",16/09/2025,
10052651,,"PROVADOS ADIDAS MOOD HACK - CHILL ZONE - EDP - 100ML COM MAIS DE 10% DE OLEOS",10052651,ADIDAS,5.000,"5,65","1,50","0,00","0,00",16/09/2025,
10052652,,"PROVADOR ADIDAS MOOD HACK - SPARK UP - EDP - 100ML COM MAIS DE 10% DE OLEOS ECN",10052652,ADIDAS,5.000,"5,65","1,50","0,00","0,00",16/09/2025,
"1015 - ISOAMERICA S.A. - Total de Mercadorias: 1"
"Cod. Interno","Cod. Principal",Mercadoria,"Cod. Fornecedor",Marca,Estoque,"Vlr Estoque","Custo Praticado","Preço de Venda","Preço Promocional","Data Última Entrada","Data Última Venda"
10048290,50036374262,"CAIXA DE SOM SEM FIO COM BLUETOOTH JBL GO 3 COR AZUL",10048290,JBL,3.000,"428,97","152,18","259,99","0,00",19/09/2025,
"255 - LADEVIR ANTONIO GUARDA - Total de Mercadorias: 1"
"Cod. Interno","Cod. Principal",Mercadoria,"Cod. Fornecedor",Marca,Estoque,"Vlr Estoque","Custo Praticado","Preço de Venda","Preço Promocional","Data Última Entrada","Data Última Venda"
10003691,,"CONS-MASCARA SINTETICA PRETAS",0.0MA.SCARA,,500.000,"2.070,00","4,14","0,00","0,00",21/09/2021,
"770 - LEDITEX SA  - Total de Mercadorias: 1"
"Cod. Interno","Cod. Principal",Mercadoria,"Cod. Fornecedor",Marca,Estoque,"Vlr Estoque","Custo Praticado","Preço de Venda","Preço Promocional","Data Última Entrada","Data Última Venda"
10026215,8432225137506,"TRATAMENTO PARA OS CABELOS  HT CURLS 230ML",10026215,,1.000,"73,83","70,67","124,99","0,00",08/02/2025,
"882 - NOGUEIRA E HIJOS S.R.L - Total de Mercadorias: 5"
"Cod. Interno","Cod. Principal",Mercadoria,"Cod. Fornecedor",Marca,Estoque,"Vlr Estoque","Custo Praticado","Preço de Venda","Preço Promocional","Data Última Entrada","Data Última Venda"
10051032,,"PROVADOR PERFUME ADIDAS MOOD HACK - FULL RECHARGE - EDP 100ML",10051032,,1.000,"1,15","1,15","50,00","0,00",09/07/2026,
10051033,,"PROVADOR PERFUME ADIDAS MOOD HACK - ENERGY DRIVE - EDP - 100ML",10051033,,1.000,"1,15","1,15","50,00","0,00",09/07/2026,
10051034,,"PROVADOR PERFUME ADIDAS MOOD HACK - HAPPY FEELS - EDP - 100ML",10051034,,1.000,"1,13","1,13","50,00","0,00",03/10/2025,
10051037,,"PROVADOR PERFUME ADIDAS MOOD HACK CHILL ZONE - EDP - 100ML",10051037,,1.000,"1,13","1,13","50,00","0,00",03/10/2025,
10051038,,"PROVADOR PERFUME ADIDAS MOOD HACK SPARK UP - EDP - 100ML",10051038,,1.000,"1,13","1,13","50,00","0,00",03/10/2025,
"779 - PERFUME WORLDWIDE INC - Total de Mercadorias: 1"
"Cod. Interno","Cod. Principal",Mercadoria,"Cod. Fornecedor",Marca,Estoque,"Vlr Estoque","Custo Praticado","Preço de Venda","Preço Promocional","Data Última Entrada","Data Última Venda"
10024001,3274872395497,"AGUA DE COLONIA PI BY GIVENCHY EDT SP 1.7OZ NEW PACK INFERIOR A 10% DE OLEOS",10024001,GIVENCHY,1.000,"171,89","187,70","409,89","0,00",19/06/2024,
"535 - VILLE COMERCIO DE COSMETICOS - EIRELI - Total de Mercadorias: 1"
"Cod. Interno","Cod. Principal",Mercadoria,"Cod. Fornecedor",Marca,Estoque,"Vlr Estoque","Custo Praticado","Preço de Venda","Preço Promocional","Data Última Entrada","Data Última Venda"
10022740,,"CONS-DISPLAY DE BALCAO LAPIS P/ BOCA 2024",2502,,1.000,"25,17","25,17","0,00","0,00",16/03/2026,
"931 - WITHOUT S.A.  - Total de Mercadorias: 1"
"Cod. Interno","Cod. Principal",Mercadoria,"Cod. Fornecedor",Marca,Estoque,"Vlr Estoque","Custo Praticado","Preço de Venda","Preço Promocional","Data Última Entrada","Data Última Venda"
10052803,54881004794,"CHA PRETO CEILAO AHMAD TEA 25UN 479EF",10052803,,8.000,"70,00","8,78","14,99","0,00",07/01/2026,05/06/2026
