CODIGO_PRODUTO;DESCRICAO_PRODUTO;EMBL_TRANSFERENCIA;CODIGO_EMPRESA;NOVO_MINIMO;NOVO_MAXIMO;REGRA_MINIMO;REGRA_MAXIMO;QUANTIDADE_ESTOQUE_MINIMO;QUANTIDADE_ESTOQUE_MAXIMO;DIAS_RELATORIO_VENDA;VENDA_MEDIA
3872;CERV STELLA ARTOIS LT 473ML P GOLD;12;3;188;259;VENDA_4_DIAS+PAR;ALTO_VOLUME_35;180;240;60;46,57
223;CERV THEREZOPOLIS LAGER LT 473ML GOLD;12;3;206;277;VENDA_4_DIAS+PAR;ALTO_VOLUME_35;180;252;60;51,18
886;REFRIG ANTARCTICA GUAR LT 350ML ZR;12;3;82;118;VENDA_4_DIAS;ALTO_VOLUME_35;60;84;60;20,28
33256;REFRIG CHARRUA PET 200ML GUARANA;12;3;70;105;VENDA_4_DIAS+PAR;ALTO_VOLUME_35;60;84;60;17,17
34308;REFRIG COCA COLA PET 1L ZERO;6;3;204;275;VENDA_4_DIAS+PAR;ALTO_VOLUME_35;120;144;60;50,62
780;REFRIG SPRITE PET 200ML;12;3;156;215;VENDA_4_DIAS+PAR;ALTO_VOLUME_35;72;96;60;38,72
35161;CERV SKOL BEATS LN 269ML GREEN MIX;24;5;16;39;PISO_60_EMBALAGEM+PAR;UMA_CAIXA_ACIMA;6;30;60;0,15
223;CERV THEREZOPOLIS LAGER LT 473ML GOLD;12;6;56;80;VENDA_4_DIAS;ALTO_VOLUME_35;24;36;60;13,98
35161;CERV SKOL BEATS LN 269ML GREEN MIX;24;7;16;39;PISO_60_EMBALAGEM+PAR;UMA_CAIXA_ACIMA;6;30;60;0,45
74;AGUA MIN SARANDI CP 200ML S GAS;48;8;112;159;VENDA_4_DIAS+PAR;UMA_CAIXA_ACIMA;48;96;60;27,73
35161;CERV SKOL BEATS LN 269ML GREEN MIX;24;8;16;39;PISO_60_EMBALAGEM+PAR;UMA_CAIXA_ACIMA;6;30;60;0
37263;ENERG RED BULL LT 250ML NECTARINA S A;24;8;16;39;PISO_60_EMBALAGEM+PAR;UMA_CAIXA_ACIMA;8;32;60;0
34306;REFRIG COCA COLA PET 1L;6;11;130;177;VENDA_4_DIAS+PAR;ALTO_VOLUME_35;72;102;60;32,07
37262;ENERG RED BULL LT 250ML NECTARINA;24;12;16;39;PISO_60_EMBALAGEM+PAR;UMA_CAIXA_ACIMA;8;32;60;0,03
34306;REFRIG COCA COLA PET 1L;6;12;70;100;VENDA_4_DIAS;ALTO_VOLUME_35;42;60;60;17,42
794;REFRIG COCA COLA E SPRITE 2L;2;13;12;15;VENDA_4_DIAS+PAR;ALTO_VOLUME_35;6;8;60;2,53
570;REPOSITOR POWERADE MIX 500ML;6;13;24;36;VENDA_4_DIAS;ALTO_VOLUME_35;18;24;60;5,78
3872;CERV STELLA ARTOIS LT 473ML P GOLD;12;14;38;61;VENDA_4_DIAS+PAR;ALTO_VOLUME_35;30;42;60;9,07
794;REFRIG COCA COLA E SPRITE 2L;2;14;12;15;VENDA_4_DIAS+PAR;ALTO_VOLUME_35;6;8;60;2,55
34308;REFRIG COCA COLA PET 1L ZERO;6;14;70;100;VENDA_4_DIAS;ALTO_VOLUME_35;52;70;60;17,45
549;BITTER SANGALO 1L;1;15;78;130;UNITARIO_PISO_6;UNITARIO_LENTO_FIXO_10;60;108;60;0
282;CERV MICHELOB ULTRA LN 330ML;24;15;156;363;PISO_60_EMBALAGEM+PAR;UMA_CAIXA_ACIMA;72;144;60;0
223;CERV THEREZOPOLIS LAGER LT 473ML GOLD;12;15;512;783;PISO_60_EMBALAGEM;UMA_CAIXA_ACIMA;480;648;60;0
479;ENERG BALY LT 250ML TROPICAL;6;15;52;130;PISO_60_EMBALAGEM;UMA_CAIXA_ACIMA;42;84;60;0
415;ENERG ELEV PET 2L MACA VERDE;6;15;54;131;PISO_60_EMBALAGEM;UMA_CAIXA_ACIMA;30;60;60;0
390;ENERG MONSTER LT 473ML GREEN ZERO;6;15;244;372;PISO_60_EMBALAGEM;UMA_CAIXA_ACIMA;180;240;60;0
519;ENERG RED BULL LT 250ML MELANCIA;24;15;144;351;PISO_60_EMBALAGEM+PAR;UMA_CAIXA_ACIMA;18;240;60;0
527;ICE DRINK PET 275ML BLUE;12;15;104;260;PISO_60_EMBALAGEM;UMA_CAIXA_ACIMA;56;84;60;0
603;ICE DRINK PET 275ML FRUTAS VERMELHA;12;15;104;260;PISO_60_EMBALAGEM;UMA_CAIXA_ACIMA;96;132;60;0
528;ICE DRINK PET 275ML LIMAO;12;15;128;296;PISO_60_EMBALAGEM;UMA_CAIXA_ACIMA;120;156;60;0
3831;KEEP COOLER CLASSIC CITRUS 275ML;6;15;36;90;PISO_60_EMBALAGEM;UMA_CAIXA_ACIMA;6;12;60;0
493;LA TEQUILA PRATA 900ML;6;15;40;100;PISO_60_EMBALAGEM;UMA_CAIXA_ACIMA;24;30;60;0
119;REFRE PO FRISCO 18G MARACUJA;180;15;1512;4032;PISO_60_EMBALAGEM;UMA_CAIXA_ACIMA;1500;2700;60;0
790;REFRIG CHARRUA GUARANA PET 2L;8;15;1820;2510;PISO_60_EMBALAGEM+PAR;UMA_CAIXA_ACIMA;24;36;60;0
582;SUCO COM TEM TP 1L LARANJA;12;15;112;280;PISO_60_EMBALAGEM;UMA_CAIXA_ACIMA;90;150;60;0
590;SUCO COM TEM TP 200ML MACA;24;15;224;546;PISO_60_EMBALAGEM+PAR;UMA_CAIXA_ACIMA;198;324;60;0
684;SUCO MAGUARY CONCENTRADO PET 500ML MARACUJA;12;15;104;260;PISO_60_EMBALAGEM;UMA_CAIXA_ACIMA;90;180;60;0
143;VH ARBO RIESLING SC 750ML;6;15;36;90;PISO_60_EMBALAGEM;UMA_CAIXA_ACIMA;30;36;60;0
281;VH RELAX FRISANTE BCO 750ML DEMI SEC;6;15;56;140;PISO_60_EMBALAGEM;UMA_CAIXA_ACIMA;38;44;60;0
283;VH RELAX FRISANTE ROSE SV 750ML;6;15;56;140;PISO_60_EMBALAGEM;UMA_CAIXA_ACIMA;48;54;60;0
655;WHISKY PASSPORT 1L;1;15;84;140;UNITARIO_PISO_6;UNITARIO_LENTO_FIXO_10;69;89;60;0
34306;REFRIG COCA COLA PET 1L;6;18;48;66;VENDA_4_DIAS;ALTO_VOLUME_35;36;48;60;11,97
3874;BOMBOM AMOR CARIOCA 200G;30;1;30;59;VENDA_4_DIAS+PAR;UMA_CAIXA_ACIMA;22;52;60;7,17
36101;CHOC BARRA NESTLE ALPINO 80G AO LEITE;64;1;40;103;PISO_60_EMBALAGEM+PAR;UMA_CAIXA_ACIMA;32;96;60;0,58
1962;BIS LACTA 100 8G BRANCO;65;2;110;175;VENDA_4_DIAS;UMA_CAIXA_ACIMA;65;130;60;27,48
3874;BOMBOM AMOR CARIOCA 200G;30;2;92;151;VENDA_4_DIAS+PAR;ALTO_VOLUME_35;30;60;60;22,68
3875;BOMBOM AMOR CARIOCA 200G BRANCO;30;2;40;70;VENDA_4_DIAS;UMA_CAIXA_ACIMA;30;60;60;9,77
3876;BOMBOM AMOR CARIOCA 200G DUO;30;2;36;65;VENDA_4_DIAS+PAR;UMA_CAIXA_ACIMA;30;60;60;8,72
13712;BOMBOM NESTLE ESPECIALIDADES 251G;30;2;138;197;VENDA_4_DIAS+PAR;ALTO_VOLUME_35;60;90;60;34,25
1296;CHOC BARRA NESTLE 80G GALAK GALAK;64;2;56;119;VENDA_4_DIAS+PAR;UMA_CAIXA_ACIMA;40;103;60;13,67
20596;MAS CASEIRA MOSMANN MULT PARAF 400G;20;2;12;32;PISO_60_EMBALAGEM;UMA_CAIXA_ACIMA;6;26;60;0,03
1962;BIS LACTA 100 8G BRANCO;65;3;236;366;VENDA_4_DIAS;ALTO_VOLUME_35;76;141;60;58,87
1964;BIS LACTA 100 8G LIMAO;65;3;72;137;VENDA_4_DIAS;UMA_CAIXA_ACIMA;65;130;60;17,77
3874;BOMBOM AMOR CARIOCA 200G;30;3;98;158;VENDA_4_DIAS;ALTO_VOLUME_35;60;90;60;24,35
3875;BOMBOM AMOR CARIOCA 200G BRANCO;30;3;72;102;VENDA_4_DIAS;UMA_CAIXA_ACIMA;30;60;60;17,85
3876;BOMBOM AMOR CARIOCA 200G DUO;30;3;134;193;VENDA_4_DIAS+PAR;ALTO_VOLUME_35;30;90;60;33,25
13712;BOMBOM NESTLE ESPECIALIDADES 251G;30;3;336;455;VENDA_4_DIAS+PAR;ALTO_VOLUME_35;66;96;60;83,55
1296;CHOC BARRA NESTLE 80G GALAK GALAK;64;3;92;156;VENDA_4_DIAS;UMA_CAIXA_ACIMA;64;127;60;22,88
1433;CHOC KIT KAT 41 5G FINGER BRANCO;24;3;28;51;VENDA_4_DIAS+PAR;UMA_CAIXA_ACIMA;18;42;60;6,67
34290;CHOC STIKADINHO STICKS 29G MORANGO;64;3;40;103;PISO_60_EMBALAGEM+PAR;UMA_CAIXA_ACIMA;12;76;60;0,73
3657;LEITE COCO TRISANTI 200ML;12;3;18;29;VENDA_4_DIAS+PAR;UMA_CAIXA_ACIMA;12;24;60;4,17
20391;MAIONESE LIZA CASEIRA 450G;12;3;200;271;VENDA_4_DIAS+PAR;ALTO_VOLUME_35;120;144;60;49,73
22637;QJO RAL PRESIDENTE 50G;20;3;48;68;VENDA_4_DIAS;UMA_CAIXA_ACIMA;40;80;60;11,97
36813;ARROZ BCO BOM DE PANELA TP1 5KG;6;4;38;55;VENDA_4_DIAS+PAR;ALTO_VOLUME_35;30;48;60;9,23
1962;BIS LACTA 100 8G BRANCO;65;4;103;168;VENDA_4_DIAS;UMA_CAIXA_ACIMA;57;122;60;25,6
3874;BOMBOM AMOR CARIOCA 200G;30;4;46;75;VENDA_4_DIAS+PAR;UMA_CAIXA_ACIMA;22;52;60;11,22
3875;BOMBOM AMOR CARIOCA 200G BRANCO;30;4;34;64;VENDA_4_DIAS;UMA_CAIXA_ACIMA;22;52;60;8,48
3876;BOMBOM AMOR CARIOCA 200G DUO;30;4;48;77;VENDA_4_DIAS+PAR;UMA_CAIXA_ACIMA;24;54;60;11,75
37222;BOMBOM GAROTO FINOS 220G SORTIDOS;30;4;50;80;VENDA_4_DIAS;UMA_CAIXA_ACIMA;30;60;60;12,32
13712;BOMBOM NESTLE ESPECIALIDADES 251G;30;4;94;154;VENDA_4_DIAS;ALTO_VOLUME_35;54;84;60;23,33
37967;CHA BARAO 13G BOLDO;30;4;18;48;PISO_60_EMBALAGEM;UMA_CAIXA_ACIMA;10;40;60;0
37957;CHA BARAO 13G PTO;30;4;18;48;PISO_60_EMBALAGEM;UMA_CAIXA_ACIMA;10;45;60;0
20391;MAIONESE LIZA CASEIRA 450G;12;4;82;117;VENDA_4_DIAS+PAR;ALTO_VOLUME_35;60;96;60;20,02
36813;ARROZ BCO BOM DE PANELA TP1 5KG;6;5;54;78;VENDA_4_DIAS;ALTO_VOLUME_35;30;48;60;13,5
1962;BIS LACTA 100 8G BRANCO;65;5;72;137;VENDA_4_DIAS;UMA_CAIXA_ACIMA;57;122;60;17,97
3874;BOMBOM AMOR CARIOCA 200G;30;5;56;86;VENDA_4_DIAS;UMA_CAIXA_ACIMA;22;52;60;13,93
13699;BOMBOM BEL SORT 180G;30;5;38;67;VENDA_4_DIAS+PAR;UMA_CAIXA_ACIMA;30;60;60;9,18
37222;BOMBOM GAROTO FINOS 220G SORTIDOS;30;5;46;76;VENDA_4_DIAS;UMA_CAIXA_ACIMA;30;60;60;11,48
13712;BOMBOM NESTLE ESPECIALIDADES 251G;30;5;64;94;VENDA_4_DIAS;UMA_CAIXA_ACIMA;54;84;60;15,82
37967;CHA BARAO 13G BOLDO;30;5;18;48;PISO_60_EMBALAGEM;UMA_CAIXA_ACIMA;10;40;60;0
37957;CHA BARAO 13G PTO;30;5;18;48;PISO_60_EMBALAGEM;UMA_CAIXA_ACIMA;10;45;60;0
20391;MAIONESE LIZA CASEIRA 450G;12;5;68;91;VENDA_4_DIAS+PAR;ALTO_VOLUME_35;60;96;60;16,7
1965;BIS LACTA 100 8G AO LEITE;65;6;211;341;VENDA_4_DIAS;ALTO_VOLUME_35;131;196;60;52,6
1962;BIS LACTA 100 8G BRANCO;65;6;120;185;VENDA_4_DIAS;UMA_CAIXA_ACIMA;65;130;60;29,77
3874;BOMBOM AMOR CARIOCA 200G;30;6;76;106;VENDA_4_DIAS;UMA_CAIXA_ACIMA;30;60;60;18,95
3875;BOMBOM AMOR CARIOCA 200G BRANCO;30;6;36;65;VENDA_4_DIAS+PAR;UMA_CAIXA_ACIMA;22;52;60;8,6
13699;BOMBOM BEL SORT 180G;30;6;68;98;VENDA_4_DIAS;UMA_CAIXA_ACIMA;60;120;60;16,92
13712;BOMBOM NESTLE ESPECIALIDADES 251G;30;6;152;211;VENDA_4_DIAS+PAR;ALTO_VOLUME_35;60;90;60;37,75
2909;ACHOC LIQ SHOWKINHO 200ML;27;7;281;389;VENDA_4_DIAS;ALTO_VOLUME_35;240;320;60;70,02
36813;ARROZ BCO BOM DE PANELA TP1 5KG;6;7;74;103;VENDA_4_DIAS+PAR;ALTO_VOLUME_35;30;48;60;18,1
1962;BIS LACTA 100 8G BRANCO;65;7;89;154;VENDA_4_DIAS;UMA_CAIXA_ACIMA;57;122;60;22,17
3874;BOMBOM AMOR CARIOCA 200G;30;7;50;80;VENDA_4_DIAS;UMA_CAIXA_ACIMA;22;52;60;12,28
3875;BOMBOM AMOR CARIOCA 200G BRANCO;30;7;30;59;VENDA_4_DIAS+PAR;UMA_CAIXA_ACIMA;22;52;60;7,15
3876;BOMBOM AMOR CARIOCA 200G DUO;30;7;46;75;VENDA_4_DIAS+PAR;UMA_CAIXA_ACIMA;24;54;60;11,22
13699;BOMBOM BEL SORT 180G;30;7;40;69;VENDA_4_DIAS+PAR;UMA_CAIXA_ACIMA;30;60;60;9,68
13712;BOMBOM NESTLE ESPECIALIDADES 251G;30;7;66;96;VENDA_4_DIAS;UMA_CAIXA_ACIMA;54;84;60;16,3
37967;CHA BARAO 13G BOLDO;30;7;18;48;PISO_60_EMBALAGEM;UMA_CAIXA_ACIMA;10;40;60;0
37957;CHA BARAO 13G PTO;30;7;18;48;PISO_60_EMBALAGEM;UMA_CAIXA_ACIMA;10;45;60;0
20391;MAIONESE LIZA CASEIRA 450G;12;7;110;157;VENDA_4_DIAS+PAR;ALTO_VOLUME_35;60;96;60;27,22
36813;ARROZ BCO BOM DE PANELA TP1 5KG;6;8;44;62;VENDA_4_DIAS;ALTO_VOLUME_35;30;48;60;10,92
37222;BOMBOM GAROTO FINOS 220G SORTIDOS;30;8;36;66;VENDA_4_DIAS;UMA_CAIXA_ACIMA;30;60;60;8,95
37957;CHA BARAO 13G PTO;30;8;18;48;PISO_60_EMBALAGEM;UMA_CAIXA_ACIMA;10;45;60;0
36813;ARROZ BCO BOM DE PANELA TP1 5KG;6;11;146;200;VENDA_4_DIAS;ALTO_VOLUME_35;90;180;60;36,4
1962;BIS LACTA 100 8G BRANCO;65;11;125;190;VENDA_4_DIAS;UMA_CAIXA_ACIMA;65;130;60;31,15
3874;BOMBOM AMOR CARIOCA 200G;30;11;132;192;VENDA_4_DIAS;ALTO_VOLUME_35;22;52;60;32,77
3875;BOMBOM AMOR CARIOCA 200G BRANCO;30;11;80;110;VENDA_4_DIAS;UMA_CAIXA_ACIMA;22;52;60;19,97
13712;BOMBOM NESTLE ESPECIALIDADES 251G;30;11;196;286;VENDA_4_DIAS;ALTO_VOLUME_35;60;90;60;48,77
1296;CHOC BARRA NESTLE 80G GALAK GALAK;64;11;48;112;VENDA_4_DIAS;UMA_CAIXA_ACIMA;40;103;60;11,97
20391;MAIONESE LIZA CASEIRA 450G;12;11;192;263;VENDA_4_DIAS+PAR;ALTO_VOLUME_35;120;144;60;47,57
20596;MAS CASEIRA MOSMANN MULT PARAF 400G;20;11;12;32;PISO_60_EMBALAGEM;UMA_CAIXA_ACIMA;6;26;60;0
36813;ARROZ BCO BOM DE PANELA TP1 5KG;6;12;146;200;VENDA_4_DIAS;ALTO_VOLUME_35;90;180;60;36,32
1965;BIS LACTA 100 8G AO LEITE;65;12;212;342;VENDA_4_DIAS;ALTO_VOLUME_35;131;196;60;52,97
1962;BIS LACTA 100 8G BRANCO;65;12;181;246;VENDA_4_DIAS;UMA_CAIXA_ACIMA;65;195;60;45,12
3874;BOMBOM AMOR CARIOCA 200G;30;12;82;111;VENDA_4_DIAS+PAR;UMA_CAIXA_ACIMA;30;60;60;20,08
3875;BOMBOM AMOR CARIOCA 200G BRANCO;30;12;62;92;VENDA_4_DIAS;UMA_CAIXA_ACIMA;22;52;60;15,47
13712;BOMBOM NESTLE ESPECIALIDADES 251G;30;12;186;275;VENDA_4_DIAS+PAR;ALTO_VOLUME_35;54;84;60;46,05
33368;CHA BARAO PTO 13G PRE C FRUT VERM;30;12;18;48;PISO_60_EMBALAGEM;UMA_CAIXA_ACIMA;3;60;60;1,13
1296;CHOC BARRA NESTLE 80G GALAK GALAK;64;12;52;115;VENDA_4_DIAS+PAR;UMA_CAIXA_ACIMA;40;103;60;12,62
34290;CHOC STIKADINHO STICKS 29G MORANGO;64;12;40;103;PISO_60_EMBALAGEM+PAR;UMA_CAIXA_ACIMA;12;76;60;0,23
20391;MAIONESE LIZA CASEIRA 450G;12;12;172;231;VENDA_4_DIAS+PAR;ALTO_VOLUME_35;120;144;60;42,57
20596;MAS CASEIRA MOSMANN MULT PARAF 400G;20;12;12;32;PISO_60_EMBALAGEM;UMA_CAIXA_ACIMA;6;26;60;0
2429;PEPINO CONSERVA NUTRIOURO VD 300G;15;12;99;144;VENDA_4_DIAS;ALTO_VOLUME_35;91;121;60;24,72
1962;BIS LACTA 100 8G BRANCO;65;13;74;139;VENDA_4_DIAS;UMA_CAIXA_ACIMA;65;130;60;18,38
3874;BOMBOM AMOR CARIOCA 200G;30;13;54;84;VENDA_4_DIAS;UMA_CAIXA_ACIMA;22;52;60;13,5
3876;BOMBOM AMOR CARIOCA 200G DUO;30;13;50;80;VENDA_4_DIAS;UMA_CAIXA_ACIMA;22;52;60;12,47
13712;BOMBOM NESTLE ESPECIALIDADES 251G;30;13;96;155;VENDA_4_DIAS+PAR;ALTO_VOLUME_35;60;90;60;23,58
1962;BIS LACTA 100 8G BRANCO;65;14;87;152;VENDA_4_DIAS;UMA_CAIXA_ACIMA;57;122;60;21,6
3874;BOMBOM AMOR CARIOCA 200G;30;14;54;84;VENDA_4_DIAS;UMA_CAIXA_ACIMA;22;52;60;13,45
3875;BOMBOM AMOR CARIOCA 200G BRANCO;30;14;36;65;VENDA_4_DIAS+PAR;UMA_CAIXA_ACIMA;22;52;60;8,62
3876;BOMBOM AMOR CARIOCA 200G DUO;30;14;42;71;VENDA_4_DIAS+PAR;UMA_CAIXA_ACIMA;24;54;60;10,2
13712;BOMBOM NESTLE ESPECIALIDADES 251G;30;14;140;200;VENDA_4_DIAS;ALTO_VOLUME_35;54;84;60;34,82
37967;CHA BARAO 13G BOLDO;30;14;18;48;PISO_60_EMBALAGEM;UMA_CAIXA_ACIMA;10;45;60;0
37957;CHA BARAO 13G PTO;30;14;18;48;PISO_60_EMBALAGEM;UMA_CAIXA_ACIMA;10;40;60;0
3002;AVEIA FLOCOS QUAKER 165G REGULAR;28;15;234;585;PISO_60_EMBALAGEM+PAR;UMA_CAIXA_ACIMA;210;420;60;0
942;AZEITE OLIV BORGES 500ML EXT VIRG;12;15;128;294;PISO_60_EMBALAGEM;UMA_CAIXA_ACIMA;114;222;60;0
2330;AZEITONA VDE V FERTIL SH 150G LIGHT;24;15;208;507;PISO_60_EMBALAGEM+PAR;UMA_CAIXA_ACIMA;192;360;60;0
1144;BALA B TOFFEES 53 CACAU TRUFA;30;15;162;432;PISO_60_EMBALAGEM;UMA_CAIXA_ACIMA;135;270;60;0
1168;BALA TOFFANO MENTA 500G;24;15;176;429;PISO_60_EMBALAGEM+PAR;UMA_CAIXA_ACIMA;148;346;60;0
1153;BALA TOFFANO T FFRUT SORT 250G;40;15;336;896;PISO_60_EMBALAGEM;UMA_CAIXA_ACIMA;260;550;60;0
1111;BISC CREAM CRACKER PARATI 370G;20;15;144;384;PISO_60_EMBALAGEM;UMA_CAIXA_ACIMA;120;240;60;0
1047;BISC DOCE ZEZE FURA BOLO 180G CHOCOLATE;18;15;156;377;PISO_60_EMBALAGEM+PAR;UMA_CAIXA_ACIMA;144;270;60;0
1048;BISC DOCE ZEZE FURA BOLO 180G LIMAO;18;15;168;406;PISO_60_EMBALAGEM+PAR;UMA_CAIXA_ACIMA;144;270;60;0
1505;BISC ISABELA TORTINHAS 140G CHOC BCO GELEIA;50;15;390;1040;PISO_60_EMBALAGEM;UMA_CAIXA_ACIMA;100;150;60;0
1404;BISC LEITE GERMANI 345G;20;15;156;416;PISO_60_EMBALAGEM;UMA_CAIXA_ACIMA;130;260;60;0
1407;BISC LEITE ISABELA 350G CHOC;24;15;208;507;PISO_60_EMBALAGEM+PAR;UMA_CAIXA_ACIMA;192;372;60;0
1387;BISC NESFIT INTEG 160G CACAU E CEREAIS;48;15;390;1001;PISO_60_EMBALAGEM+PAR;UMA_CAIXA_ACIMA;336;648;60;0
1527;BISC RECH ISABELA MOUSSE 130G CHOC M AMARGO;50;15;400;1049;PISO_60_EMBALAGEM;UMA_CAIXA_ACIMA;350;700;60;0
1546;BISC RECH OREO 144G ORIGINAL;28;15;234;585;PISO_60_EMBALAGEM+PAR;UMA_CAIXA_ACIMA;42;602;60;0
1483;BISC RECH PASSATEMPO 130G CHOC MOR;70;15;588;1568;PISO_60_EMBALAGEM;UMA_CAIXA_ACIMA;490;945;60;0
1484;BISC RECH PASSATEMPO 130G MOR;70;15;588;1568;PISO_60_EMBALAGEM;UMA_CAIXA_ACIMA;560;1120;60;0
1555;BISC SALG GERMANI TRICKS 110G CHURRASCO;30;15;234;624;PISO_60_EMBALAGEM;UMA_CAIXA_ACIMA;220;450;60;0
1613;BISC SALG ISABELA 350G PIC NIC;24;15;208;507;PISO_60_EMBALAGEM+PAR;UMA_CAIXA_ACIMA;174;336;60;0
1567;BISC SALG ZEZE MIGNON 60G CHURRASCO;24;15;208;507;PISO_60_EMBALAGEM+PAR;UMA_CAIXA_ACIMA;180;384;60;0
2039;CAFE SOL 3C CAPPUCCINO PT 200G CLASSIC;24;15;192;468;PISO_60_EMBALAGEM+PAR;UMA_CAIXA_ACIMA;144;276;60;0
2071;CAFE SOL 3C LT 300G C LEITE;12;15;96;240;PISO_60_EMBALAGEM;UMA_CAIXA_ACIMA;72;144;60;0
2032;CAFE SOL IGUACU CAPPUCCINO PT 200G CHOC;24;15;144;351;PISO_60_EMBALAGEM+PAR;UMA_CAIXA_ACIMA;108;216;60;0
2037;CAFE SOL NESCAFE CAPPUCCINO LT 180G CHOC 2FRADES;24;15;144;351;PISO_60_EMBALAGEM+PAR;UMA_CAIXA_ACIMA;108;216;60;0
1992;CAFE SOL NESCAFE GOLD SH 250G SUAVE;12;15;56;140;PISO_60_EMBALAGEM;UMA_CAIXA_ACIMA;48;96;60;0
2009;CAFE VACUO BOM JESUS 500G EXTRA FORTE;20;15;156;416;PISO_60_EMBALAGEM;UMA_CAIXA_ACIMA;140;280;60;0
2023;CAFE VACUO STARBUCKS 250G PIKE PLACE;12;15;56;140;PISO_60_EMBALAGEM;UMA_CAIXA_ACIMA;42;84;60;0
3397;CALDO APTI 19G LEGUMES;216;15;1560;4152;PISO_60_EMBALAGEM;UMA_CAIXA_ACIMA;1284;1752;60;0
3399;CALDO APTI 57G BACON;120;15;1008;2688;PISO_60_EMBALAGEM;UMA_CAIXA_ACIMA;798;1572;60;0
3403;CALDO APTI 57G COSTELA;120;15;936;2496;PISO_60_EMBALAGEM;UMA_CAIXA_ACIMA;830;1600;60;0
3402;CALDO APTI 57G LEGUMES;120;15;1008;2688;PISO_60_EMBALAGEM;UMA_CAIXA_ACIMA;870;1740;60;0
3367;CALDO APTI 57G REFOGA CASEIRA;120;15;936;2496;PISO_60_EMBALAGEM;UMA_CAIXA_ACIMA;840;1120;60;0
3384;CALDO GALINHA APTI 57G;120;15;1008;2688;PISO_60_EMBALAGEM;UMA_CAIXA_ACIMA;1000;1270;60;0
3391;CALDO GALINHA MAGGI 114G;100;15;780;2080;PISO_60_EMBALAGEM;UMA_CAIXA_ACIMA;740;1000;60;0
3386;CALDO GALINHA MAGGI 57G;150;15;1170;3120;PISO_60_EMBALAGEM;UMA_CAIXA_ACIMA;980;1530;60;0
3379;CALDO MAGGI 114G CARNE;100;15;780;2080;PISO_60_EMBALAGEM;UMA_CAIXA_ACIMA;620;880;60;0
3376;CALDO MAGGI 57G BACON;150;15;1170;3120;PISO_60_EMBALAGEM;UMA_CAIXA_ACIMA;960;1470;60;0
3373;CALDO MAGGI 57G CARNE;150;15;1170;3120;PISO_60_EMBALAGEM;UMA_CAIXA_ACIMA;940;1470;60;0
3050;CEREAL MAT KELLOGGS 200G SUCRILHOS POWER POPS;36;15;154;406;PISO_60_EMBALAGEM;UMA_CAIXA_ACIMA;144;270;60;0
3030;CEREAL MAT KELLOGGS SH 110G ORIGIN SUCRILHOS;20;15;108;288;PISO_60_EMBALAGEM;UMA_CAIXA_ACIMA;100;180;60;0
3039;CEREAL MAT NESTLE CX 190G CORN FLAKES;24;15;144;351;PISO_60_EMBALAGEM+PAR;UMA_CAIXA_ACIMA;120;240;60;0
3054;CEREAL MAT NESTLE CX 200G NEGRESCO CHOCO BAUNILHA;24;15;144;351;PISO_60_EMBALAGEM+PAR;UMA_CAIXA_ACIMA;108;216;60;0
3056;CEREAL MAT NESTLE CX 210G KIT KAT;24;15;208;507;PISO_60_EMBALAGEM+PAR;UMA_CAIXA_ACIMA;198;360;60;0
3032;CEREAL MAT NESTLE SH 90G KIT KAT;22;15;168;432;PISO_60_EMBALAGEM;UMA_CAIXA_ACIMA;55;99;60;0
3088;CHIA EM GRAOS CERELUS 100G;12;15;72;180;PISO_60_EMBALAGEM;UMA_CAIXA_ACIMA;66;132;60;0
1296;CHOC BARRA NESTLE 80G GALAK GALAK;64;15;648;1532;PISO_60_EMBALAGEM+PAR;UMA_CAIXA_ACIMA;592;896;60;0
1286;CHOC BARRA NESTLE 80G SUFLAIR;64;15;584;1467;PISO_60_EMBALAGEM+PAR;UMA_CAIXA_ACIMA;512;800;60;0
1298;CHOC BARRA NESTLE SUFLAIR DUO 80G;64;15;560;1442;PISO_60_EMBALAGEM+PAR;UMA_CAIXA_ACIMA;512;996;60;0
1513;CHOC JAZAM DUCREM 480G C 48 AVELA;20;15;72;192;PISO_60_EMBALAGEM;UMA_CAIXA_ACIMA;60;120;60;0
1511;CHOC JAZAM DUCREM 480G C 48 LEITE COND;20;15;96;256;PISO_60_EMBALAGEM;UMA_CAIXA_ACIMA;40;80;60;0
1514;CHOC JAZAM DUCREM 480G C 48 NAPOLITANO;20;15;84;224;PISO_60_EMBALAGEM;UMA_CAIXA_ACIMA;40;80;60;0
3382;COCO RALADO MENINA 50G UMIDO ADOCADO;48;15;390;1001;PISO_60_EMBALAGEM+PAR;UMA_CAIXA_ACIMA;351;540;60;0
1687;CONFEITO DISQUETI 100G CHOC BRANCO;30;15;234;624;PISO_60_EMBALAGEM;UMA_CAIXA_ACIMA;210;420;60;0
1688;CONFEITO DISQUETI 120G CHOC;30;15;216;576;PISO_60_EMBALAGEM;UMA_CAIXA_ACIMA;210;420;60;0
1598;CONFEITO DORI 11G MINI DISQUETI;324;15;2744;7266;PISO_60_EMBALAGEM+PAR;UMA_CAIXA_ACIMA;1252;2124;60;0
1599;CONFEITO DORI 18G DISQUETI CHOC;216;15;1170;3114;PISO_60_EMBALAGEM;UMA_CAIXA_ACIMA;708;1020;60;0
1601;CONFEITO DORI 40G DISQUETI CHOC;108;15;858;2249;PISO_60_EMBALAGEM+PAR;UMA_CAIXA_ACIMA;300;540;60;0
1702;CONFEITO MMS 120G CRISPY;24;15;128;312;PISO_60_EMBALAGEM+PAR;UMA_CAIXA_ACIMA;108;288;60;0
2527;DOCE PETRY 400G FIGO;12;15;72;180;PISO_60_EMBALAGEM;UMA_CAIXA_ACIMA;37;58;60;0
2619;ERVA MATE REI VERDE A VACUO 1KG NATIVA TRAD;10;15;204;349;PISO_60_EMBALAGEM;UMA_CAIXA_ACIMA;130;210;60;0
2636;ERVA MATE TAURA 1KG NATIVA LAMINADA S ACUCAR;10;15;104;233;PISO_60_EMBALAGEM;UMA_CAIXA_ACIMA;70;130;60;0
2567;ERVA MATE TAURA 500G TERERE TRAD;20;15;156;416;PISO_60_EMBALAGEM;UMA_CAIXA_ACIMA;135;270;60;0
2552;EXTRATO TOM ELEFANTE PT 300G;24;15;534;908;PISO_60_EMBALAGEM+PAR;UMA_CAIXA_ACIMA;468;828;60;0
3135;FARELO TRIGO CERELUS 250G;12;15;72;180;PISO_60_EMBALAGEM;UMA_CAIXA_ACIMA;66;132;60;0
2817;FARINHA KIPOLENTA YOKI 500G;24;15;144;351;PISO_60_EMBALAGEM+PAR;UMA_CAIXA_ACIMA;132;252;60;0
2390;FEIJAO BRANCO ODERICH LT 220G;24;15;192;468;PISO_60_EMBALAGEM+PAR;UMA_CAIXA_ACIMA;168;312;60;0
2389;FEIJAO PRETO ODERICH LT 420G;24;15;176;429;PISO_60_EMBALAGEM+PAR;UMA_CAIXA_ACIMA;120;240;60;0
2391;FEIJOADA ODERICH 420G;24;15;208;507;PISO_60_EMBALAGEM+PAR;UMA_CAIXA_ACIMA;192;360;60;0
3539;FERM PO QUIMICO GOOD INSTANT SH 11G;50;15;390;1040;PISO_60_EMBALAGEM;UMA_CAIXA_ACIMA;355;675;60;0
2306;FILTRO PAPEL 3C 103 C 30;40;15;216;576;PISO_60_EMBALAGEM;UMA_CAIXA_ACIMA;200;580;60;0
2303;FILTRO PAPEL MELITTA 103 GD C 30;48;15;390;1001;PISO_60_EMBALAGEM+PAR;UMA_CAIXA_ACIMA;336;636;60;0
2305;FILTRO PAPEL MELITTA N02 MD C 30;24;15;208;507;PISO_60_EMBALAGEM+PAR;UMA_CAIXA_ACIMA;174;324;60;0
3421;GRANOLA CERELUS 250G CASTANHA;12;15;104;260;PISO_60_EMBALAGEM;UMA_CAIXA_ACIMA;86;168;60;0
3432;GRANOLA CERELUS PREMIUM 200G BANANA;12;15;104;260;PISO_60_EMBALAGEM;UMA_CAIXA_ACIMA;84;168;60;0
3500;GRANOLA JASMINE INT 250G MACA CANELA;22;15;112;288;PISO_60_EMBALAGEM;UMA_CAIXA_ACIMA;99;198;60;0
3468;GRANOLA JASMINE ZERO ACUCAR 250G AMEND ALFARROBA;22;15;112;288;PISO_60_EMBALAGEM;UMA_CAIXA_ACIMA;99;198;60;0
3472;GRANOLA JASMINE ZERO ACUCAR 250G FR TROP CAST;22;15;126;324;PISO_60_EMBALAGEM;UMA_CAIXA_ACIMA;99;198;60;0
2460;GRAO DE BICO ODERICH LT 220G;24;15;208;507;PISO_60_EMBALAGEM+PAR;UMA_CAIXA_ACIMA;168;408;60;0
3651;LEITE COCO DUCOCO VD 200ML;24;15;208;507;PISO_60_EMBALAGEM+PAR;UMA_CAIXA_ACIMA;174;324;60;0
2707;LEITE PO QUALITEM INTEGRAL SH 120G INSTANTANEO;50;15;390;1040;PISO_60_EMBALAGEM;UMA_CAIXA_ACIMA;375;725;60;0
2829;MAIONESE ODERICH PRE 220G ALHO;12;15;72;180;PISO_60_EMBALAGEM;UMA_CAIXA_ACIMA;66;132;60;0
2815;MAIONESE ODERICH PRE 220G AZEITONAS VERDE;12;15;72;180;PISO_60_EMBALAGEM;UMA_CAIXA_ACIMA;66;132;60;0
2810;MAIONESE ODERICH PRE 220G ERVAS FINAS;12;15;72;180;PISO_60_EMBALAGEM;UMA_CAIXA_ACIMA;66;126;60;0
2813;MAIONESE ODERICH PRE 220G LIMAO;12;15;72;180;PISO_60_EMBALAGEM;UMA_CAIXA_ACIMA;66;126;60;0
1595;MARSHMALLOWS FOFS 220G DINOS;12;15;112;280;PISO_60_EMBALAGEM;UMA_CAIXA_ACIMA;12;24;60;0
3704;MIST P BOLO APTI 400G CHOC;12;15;696;989;PISO_60_EMBALAGEM;UMA_CAIXA_ACIMA;600;720;60;0
3736;MIST P BOLO FLEISCHMANN 390G COCO;20;15;144;384;PISO_60_EMBALAGEM;UMA_CAIXA_ACIMA;130;250;60;0
2892;MOLHO INGLES EXTREMO SABOR 250ML;12;15;104;260;PISO_60_EMBALAGEM;UMA_CAIXA_ACIMA;90;162;60;0
3072;MOLHO ODERICH 220G PARMESAO;12;15;72;180;PISO_60_EMBALAGEM;UMA_CAIXA_ACIMA;60;120;60;0
2955;MOLHO PIMENTA EXTREMO SABOR 150ML EXTRA FORTE;12;15;104;260;PISO_60_EMBALAGEM;UMA_CAIXA_ACIMA;96;192;60;0
2591;MOLHO TOM FUGINI SH 300G MANJERICAO;36;15;312;816;PISO_60_EMBALAGEM;UMA_CAIXA_ACIMA;264;528;60;0
2577;MOLHO TOM FUGINI SH 300G ZERO;36;15;286;754;PISO_60_EMBALAGEM;UMA_CAIXA_ACIMA;264;496;60;0
3095;MOSTARDA FUGINI BICO 180G C MEL;32;15;280;728;PISO_60_EMBALAGEM;UMA_CAIXA_ACIMA;260;694;60;0
3104;MOSTARDA ODERICH PREMIUM 365G AMERICANA;12;15;104;260;PISO_60_EMBALAGEM;UMA_CAIXA_ACIMA;90;168;60;0
2411;PALMITO CONS JUREIA VD 300G GOURMET TOLETE JUCARA;15;15;117;312;PISO_60_EMBALAGEM;UMA_CAIXA_ACIMA;78;156;60;0
2409;PALMITO CONS JUREIA VD 300G PUPUNHA TOLETE;15;15;117;312;PISO_60_EMBALAGEM;UMA_CAIXA_ACIMA;84;162;60;0
1325;PAO DE MEL BAUDUCCO ESP CHOC 180G;32;15;120;312;PISO_60_EMBALAGEM;UMA_CAIXA_ACIMA;80;128;60;0
1885;PIRULITO FLORESTAL 400G CORACAO COLORIDO;28;15;162;405;PISO_60_EMBALAGEM+PAR;UMA_CAIXA_ACIMA;140;280;60;0
1869;PIRULITO FLORESTAL CORACAO 200G MORANGO;48;15;270;693;PISO_60_EMBALAGEM+PAR;UMA_CAIXA_ACIMA;132;316;60;0
1868;PIRULITO FLORESTAL CORACAO 200G TUTTI FRUTTI;48;15;270;693;PISO_60_EMBALAGEM+PAR;UMA_CAIXA_ACIMA;204;432;60;0
1887;PIRULITO FLORESTAL CORACAO 400G MORANGO;28;15;162;405;PISO_60_EMBALAGEM+PAR;UMA_CAIXA_ACIMA;138;276;60;0
1883;PIRULITO PIETROBON 480G FRAMBOESA;20;15;168;448;PISO_60_EMBALAGEM;UMA_CAIXA_ACIMA;150;290;60;0
2311;PORTA FILTRO MELITTA 102;12;15;104;260;PISO_60_EMBALAGEM;UMA_CAIXA_ACIMA;86;168;60;0
2313;PORTA FILTRO MELITTA 103;12;15;104;260;PISO_60_EMBALAGEM;UMA_CAIXA_ACIMA;86;168;60;0
2467;SELETA LEGUMES FUGINI SH 170G;36;15;286;754;PISO_60_EMBALAGEM;UMA_CAIXA_ACIMA;234;468;60;0
3455;SOPAO MAGGI 150G GALINHA LEGUMES;24;15;208;507;PISO_60_EMBALAGEM+PAR;UMA_CAIXA_ACIMA;174;372;60;0
3499;TEMP ACAFRAO TOP FEST 20G;15;15;126;336;PISO_60_EMBALAGEM;UMA_CAIXA_ACIMA;15;30;60;0
3570;TEMP ADOBO MISTO TOP FEST 40G;15;15;126;336;PISO_60_EMBALAGEM;UMA_CAIXA_ACIMA;7;22;60;0
3594;TEMP CHIMICHURRI KITANO 12G;24;15;192;468;PISO_60_EMBALAGEM+PAR;UMA_CAIXA_ACIMA;162;300;60;0
3478;TEMP COMINHO PO KITANO 8G;24;15;192;468;PISO_60_EMBALAGEM+PAR;UMA_CAIXA_ACIMA;174;336;60;0
3676;TEMP COMPLETO ODERICH 300G C PIMENTA;24;15;224;546;PISO_60_EMBALAGEM+PAR;UMA_CAIXA_ACIMA;198;360;60;0
3486;TEMP ERVA DOCE TOP FEST 12G;15;15;122;317;PISO_60_EMBALAGEM;UMA_CAIXA_ACIMA;7;22;60;0
3691;TEMP MAGGI MEU SEGREDO 49G 7 VEGETAIS;42;15;338;884;PISO_60_EMBALAGEM;UMA_CAIXA_ACIMA;330;567;60;0
3693;TEMP MAGGI MEU SEGREDO 49G TOMATE ERVAS;42;15;338;884;PISO_60_EMBALAGEM;UMA_CAIXA_ACIMA;258;462;60;0
3727;TEMP SABOR AMI 300G ALHO SAL;24;15;144;351;PISO_60_EMBALAGEM+PAR;UMA_CAIXA_ACIMA;120;228;60;0
2471;TOMATE SECO CONSERVA JUREIA VD 200G;12;15;72;180;PISO_60_EMBALAGEM;UMA_CAIXA_ACIMA;66;126;60;0
1667;WAFER NESTLE 110G NEGRESCO;48;15;240;616;PISO_60_EMBALAGEM+PAR;UMA_CAIXA_ACIMA;216;408;60;0
1672;WAFER NESTLE 110G PRESTIGIO;48;15;240;616;PISO_60_EMBALAGEM+PAR;UMA_CAIXA_ACIMA;216;408;60;0
1965;BIS LACTA 100 8G AO LEITE;65;17;145;210;VENDA_4_DIAS;UMA_CAIXA_ACIMA;131;196;60;36,07
3874;BOMBOM AMOR CARIOCA 200G;30;17;66;95;VENDA_4_DIAS+PAR;UMA_CAIXA_ACIMA;60;90;60;16,08
37222;BOMBOM GAROTO FINOS 220G SORTIDOS;30;17;120;179;VENDA_4_DIAS+PAR;ALTO_VOLUME_35;90;120;60;29,68
20596;MAS CASEIRA MOSMANN MULT PARAF 400G;20;17;12;32;PISO_60_EMBALAGEM;UMA_CAIXA_ACIMA;6;26;60;0,23
1962;BIS LACTA 100 8G BRANCO;65;18;99;164;VENDA_4_DIAS;UMA_CAIXA_ACIMA;65;130;60;24,72
3874;BOMBOM AMOR CARIOCA 200G;30;18;108;167;VENDA_4_DIAS+PAR;ALTO_VOLUME_35;30;60;60;26,6
13712;BOMBOM NESTLE ESPECIALIDADES 251G;30;18;126;185;VENDA_4_DIAS+PAR;ALTO_VOLUME_35;54;84;60;31,23
34290;CHOC STIKADINHO STICKS 29G MORANGO;64;18;40;103;PISO_60_EMBALAGEM+PAR;UMA_CAIXA_ACIMA;12;76;60;0,45
20391;MAIONESE LIZA CASEIRA 450G;12;18;128;175;VENDA_4_DIAS+PAR;ALTO_VOLUME_35;120;144;60;31,65
6781;LEITE LV EDGE ELEGE 1L INTEGRAL;12;3;1170;1589;VENDA_4_DIAS+PAR;ALTO_VOLUME_35;720;1020;60;292,03
6781;LEITE LV EDGE ELEGE 1L INTEGRAL;12;6;724;987;VENDA_4_DIAS+PAR;ALTO_VOLUME_35;480;600;60;180,67
6781;LEITE LV EDGE ELEGE 1L INTEGRAL;12;7;500;679;VENDA_4_DIAS+PAR;ALTO_VOLUME_35;480;600;60;124,62
6781;LEITE LV EDGE ELEGE 1L INTEGRAL;12;11;1402;1893;VENDA_4_DIAS+PAR;ALTO_VOLUME_35;720;1020;60;350,17
6781;LEITE LV EDGE ELEGE 1L INTEGRAL;12;12;878;1190;VENDA_4_DIAS;ALTO_VOLUME_35;720;1020;60;219,43
4006;RACAO CAO PEDDY 5KG CARNE;1;15;608;625;UNITARIO_PISO_6;UNITARIO_LENTO_FIXO_10;120;160;60;0
