CODIGO_PRODUTO	DESCRICAO_PRODUTO	QUANTIDADE_DISPONIVEL	QTD_VENDIDA	QUANTIDADE_ESTOQUE_MINIMO	QUANTIDADE_ESTOQUE_MAXIMO
3903	ABS C ABAS MILI DIA NOITE C 16 UN SUAVE	0	0	0	0
2949	ACHOC PO TODDY SH 480G	20	0	16	36
33213	ACUCAR MASCAVO GASPARIN 1KG	20	0	10	20
12273	AGUA MIN DA PEDRA LT 350ML BERGA CAPIM LIM	23	1	12	24
12274	AGUA MIN DA PEDRA LT 350ML BLUEBER LIM	22	1	12	24
12275	AGUA MIN DA PEDRA LT 350ML PESSEGO	20	2	12	24
12290	AGUA SANIT IMPERIAL 2L	-11	0	24	30
83	AGUA TONICA ANTARCTICA PET 1L ZR	18	0	12	18
82	AGUA TONICA ANTARTICA PET 1L	6	0	12	18
871	AGUA TONICA SCHWEPPES LT 350ML	6	0	12	18
3082	ANTIMOFO TRISANTI 1KG	6	0	0	0
12529	AP GILLETTE MACH3	33	0	6	12
12531	AP GILLETTE PROBAK C 2	41	0	202	538
442	APERITIVO APEROL VD 750ML	0	0	6	12
2319	ATUM EM PEDACOS NAUTIQUE 170G OLEO	34	2	18	42
2353	ATUM SOLIDO COQUEIRO 170G EM OLEO	28	0	18	42
38548	AZEITONA FATIADA RIVOLI 1 01KG	0	0	0	0
38546	AZEITONA RIVOLI C CAROCO 1 01KG	0	0	0	0
38545	AZEITONA RIVOLI C PIMENTAO 1 01KG	0	0	0	0
38547	AZEITONA S CAROCO RIVOLI 1 01KG	0	0	0	0
2322	AZEITONA VDE V FERTIL SH 150G C CAR	51	0	18	42
38544	AZEITONA VERDE RIVOLI C CAROCO 500G	0	0	0	0
1831	BALA GOMA DORI GOMETS 700G AMERICAN FRUTAS	11	0	10	22
1835	BALA GOMA DORI GOMETS 700G MINHOCA FRUTAS	12	0	10	22
1832	BALA GOMA DORI GOMETS 700G SINO	12	0	10	22
1225	BALA GOMA GOMUTCHO 1KG GOMOS	0	0	8	18
1119	BALA PIETROBON 170G ALGODAO DOCE	59	1	24	64
1114	BALA PIETROBON 170G T FRUTTI	61	1	30	70
12822	BALA PIETROBON YOGURTE SORT 170G	70	1	30	70
38172	BALA STICK BRUXOLITA Q PINTA 12 3G	0	0	0	0
1071	BALA TOFFANO CAFE GOLD 100G	43	0	33	78
1153	BALA TOFFANO T FFRUT SORT 250G	42	2	30	70
13071	BAR STO ANT AMENDOBAR WHEY 40G CHOC	12	0	44	116
13072	BARR STO ANTONIO AMENDOBAR WHEY 40G ORIG	10	2	44	188
1010	BATATA PALHA PRATIC LEVE 75G PREMIUM	0	0	6	10
319	BEB ADES TP 1L ABACAXI	51	0	12	18
325	BEB ADES TP 1L UVA	64	0	12	18
329	BEB ADES TP 200ML LARANJA	40	2	18	36
4419	BEB SCHWEPPES GF 250ML GIN TONICA	6	0	6	12
448	BEB SCHWEPPES LT 269ML GIN TONICA	12	0	6	12
13277	BISC AGUA SAL ORQUIDEA 665GR	23	0	10	22
1040	BISC AMANTEIGADO KLAIN 240G	0	0	6	10
1042	BISC AMANTEIGADO KLAIN CHOC 240G	0	0	6	10
1045	BISC AMANTEIGADO SOTT 350G	0	0	6	10
1061	BISC DOCE KLAIN 300G GOIABA	0	0	6	10
1345	BISC DOCE KLAIN AMENDOIM CHOC 260G	0	0	6	10
1326	BISC DOCE KLAIN AMENDOIM CROC 250G	0	0	6	10
33692	BISC DOCE SOTT 230G ORELINHA	0	0	6	10
1336	BISC DOCE SOTT DE MILHO 350G	0	0	6	10
1340	BISC DOCE SOTT MAISENA 350G	0	0	6	10
1337	BISC DOCE SOTT MEL MERENGUE 350G	0	0	6	10
1342	BISC DOCE SOTT ROSQUINHA 350G	0	0	6	10
1335	BISC DOCE SOTT SORTIDA 350G	0	0	6	10
1048	BISC DOCE ZEZE FURA BOLO 180G LIMAO	1	0	12	30
1423	BISC MARIA GERMANI 690G	48	0	12	42
13397	BISC MILHO CROCANTE KLAIN 240G	0	0	6	10
1328	BISC PAO DE MEL KLAIN CHOC 260G	0	0	6	10
1072	BISC POLVILHO KLAIN QUEIJO 60G	0	0	6	10
1611	BISC POLVILHO KLAIN ROSCA 60G TRAD	0	0	6	10
1093	BISC SOTT BROA POLVILHO DOCE 200G	0	0	6	10
1331	BISC SOTT GROSTOLI ITALIANO 250G	0	0	6	10
38054	BOMBOM AMOR CARIOCA 900G	0	0	0	0
38352	CAFE SOL IGUACU SH 40G GTS 10PCTO CLASSICO	0	0	0	0
15187	CAFE SOL NESCAFE ORIG VD 200G	10	2	8	20
3397	CALDO APTI 19G LEGUMES	0	0	130	346
29471	CALDO APTI 24X19G CARNE	0	0	0	0
2019	CANJIQUINHA JUREIA 500G	24	0	10	22
8965	CARVAO CHAMA CAMPEIRA 3KG	0	0	0	0
8966	CARVAO CHAMA CAMPEIRA 5KG	0	0	0	0
29542	CARVAO VEG CHURRASCO NA BRASA 3KG	0	0	0	0
38224	CD SALLON LINDA 240ML CACHEADOS	0	0	0	0
15739	CERA PASTA ANDREIA 400G VERM	20	1	10	22
38003	CEREAL MAT DOMELLY DINOCRISPY ACUCA	0	0	0	0
4611	CERV BADEN CRISTAL PILSEN LT 473ML	12	0	6	18
4610	CERV BADEN IPA LT 473ML	1	0	10	22
171	CERV HEINEKEN PILSEN LT 350ML	12	0	8	20
4625	CERV PATAGONIA IPA LT 473ML	17	0	12	18
3871	CERV SKOL BEATS RED LT 269ML MIX	16	0	24	32
295	CERV STELLA ARTOIS LN 330ML PURE GOLD	25	1	12	36
223	CERV THEREZOPOLIS LAGER LT 473ML GOLD	24	0	10	22
15762	CESTA BASICA GRD	0	0	0	0
15765	CESTA BASICA PEQ	1	0	6	10
37962	CHA BARAO 10G CAMOMILA	89	1	15	45
37952	CHA BARAO 10G HORTELA	29	1	15	45
37967	CHA BARAO 13G BOLDO	88	2	15	45
37961	CHA BARAO 13G CIDREIRA	89	1	15	45
37959	CHA BARAO 13G ERVA DOCE	0	0	0	0
37957	CHA BARAO 13G PTO	28	2	15	45
37960	CHA BARAO 15G DA NOITE	60	0	0	0
29672	CHA BARAO CAMOMILA 10G GENGIBRE E MEL	30	0	15	45
37945	CHA BARAO MISTO 15G CAMOMILA ERVA DOCE	60	0	0	0
340	CHA ICE TEA LEAO PET 1 5L PESSEGO ZERO	4	1	12	18
360	CHA LEAO VERDE LIMAO PET 1 5L	0	2	12	18
37963	CHA MISTO BARAO 13G	29	1	15	45
2090	CHA PRENDA 18G FUNCHO	37	1	20	40
1810	CHICLE DRAGEADO GUDS BALL 1 134G	40	0	6	14
38005	CHOC KIT KAT MACCHIATO 41 5G	48	0	18	42
15995	CHOC KIT KAT TRIPLO CHOC 41 5G	12	0	16	40
811	CHOC PO TRISANTI 70 CACAU 1 005KG	17	1	2	3
1566	COBER KLAIN 1 01KG AO LEITE	0	0	8	20
1563	COBER KLAIN 1 01KG BRANCO	0	0	6	16
1568	COBER KLAIN 1 01KG M AMARGO	0	0	8	20
3398	COCO RALADO ZAM E BOM 100G PURO S ACUCAR	50	0	38	88
30070	CONF JAZAM COLORETI MINI SORT 300G	318	2	12	32
1705	CONFEITO DORI 500G COLOR	24	0	16	36
35592	CONFEITO JAZAM COLORETI 1KG	12	1	0	0
37691	CONFEITO JAZAM COLORETI MISTO 500G	59	1	0	0
37692	CONFEITO JAZAM COLORETI SORT 250G	119	1	0	0
37879	CR CAB NIELY GOLD 80G QUERATINA	0	0	0	0
5229	CR DEN COLGATE L180 P140 TRI MENTA	111	0	54	126
5196	CR DEN COLGATE MPA 180G	276	0	72	144
5251	CR DENT CLOSE UP 70G TRIPLE MENTA	-146	0	54	126
5225	CR DENT COLGATE T ACAO 90G HORTELA	554	0	108	252
37880	CR P PENT NIELY GOLD 250G RECONS	0	0	0	0
16936	CR TRAT HEDERA 960G LISS PERFEITO	10	2	6	12
3424	CREME LEITE TERRA VIVA TP 200G	27	0	21	48
9260	DES AERO MONANGE 150ML DETOX FRESH	14	1	9	21
17175	DESINF GOTA LIMPA 2L LAVANDA	7	0	6	18
38142	DESINF PATO CLORO GEL ESPUMA 500ML CITRUS	0	0	0	0
34372	DESOD AERO ABOVE 250ML MAX FLASH	0	0	0	0
34370	DESOD AERO ABOVE 250ML MAX HURRICANE	0	0	0	0
17243	DESOD AERO ABOVE 250ML MAXX ELEMENT PR	0	0	10	22
17245	DESOD AERO ABOVE 250ML MAXX SPORT PROM	0	0	10	22
17246	DESOD AERO ABOVE 250ML WOMEN DOLCE VIT	10	0	0	0
17224	DESOD AERO ABOVE EXTREME 72H 200ML BLACK	-2	0	10	22
37727	DESOD AERO ABOVE MAXX CREAM 250ML	0	0	0	0
37726	DESOD AERO ABOVE MAXX EXTREME 250ML	0	0	0	0
5516	DESOD AERO BOM AR 360ML JASMIM PEONIA	19	0	10	22
5517	DESOD AERO BOM AR 360ML LAVANDA ECONO	40	0	8	20
5546	DESOD AERO GLADE 360ML EMB ECONOMIC FRUTAS E FLORE	28	2	10	22
5552	DESOD AERO MONANGE 90G FRUTAS VERMELHA	0	0	9	21
5553	DESOD AERO MONANGE 90G INVISIVEL	23	1	9	21
17263	DESOD CREME ABOVE 50G SPORT	0	0	10	22
17264	DESOD CREME ABOVE 50G SPORT ENE WOMEN	0	0	0	0
38341	DET LIQ 1 8L ARIEL RF CLASSICO	0	0	0	0
17322	DET LIQ APYCE SUPERAC SH 800ML	0	0	12	24
36721	DET LIQ AQUAFAST LAV RAP FRESH 1 5L	9	0	8	17
35777	DET LIQ ULTRA CLASS 5LT	5	0	12	16
17385	DET PO APYCE SH 1 6K ROSA	16	0	9	22
33941	DET PO GIRANDO SOL SH 800G COCO BAUN	50	0	15	40
2536	DOCE DIFRUTTI 1 010KG GOIABA	6	0	6	12
2478	DOCE DIFRUTTI 400G PESSEGO	11	2	10	22
1736	DOCE N BONN 1 8KG ABOBORA VERMELHA	0	0	6	12
1993	DOCE N BONN BIG 1 2KG ABOBORA	10	0	6	12
37855	DOCE N BONN BIG CASEIRAO 3KG	60	0	0	0
35649	DOCE N BONN FONDANT LEITE 2KG	0	0	8	18
37698	DOCE PINGO DE LEITE JAZAM MAX 440G	23	1	0	0
37729	DOCE PINGO LEITE JAZAM CAFE 500G	12	0	0	0
17470	DROPS HALLS EXTRA FORTE 27 5G	65	0	13	34
828	DUETO ODERICH ERV MILHO LT 2KG	9	1	6	12
2384	DUETO OLE LT 1 700KG ERVILHA MILHO	43	0	6	12
472	ENERG BALY LT 250ML CHAMPANHE	10	1	6	12
35134	ENERG BALY LT 250ML FLORIPA SPRITZ	12	2	6	12
483	ENERG BALY LT 250ML LABELLAMAFIA	12	0	6	12
456	ENERG BALY LT 473ML MACA VERDE	7	1	6	12
460	ENERG BALY LT 473ML MELANCIA	7	1	6	12
465	ENERG BALY LT 473ML MOR PESSEG S A	12	0	6	12
36829	ENERG BALY LT 473ML TADALA AZULZIN	10	2	6	12
451	ENERG BALY LT 473ML TROPICAL	24	1	12	18
469	ENERG BALY LT 473ML TROPICAL S A	7	0	6	12
425	ENERG BALY PET 2L ABACAXI HORTELA	22	0	6	12
431	ENERG BALY PET 2L FRUT TROPICAIS	9	2	6	12
433	ENERG BALY PET 2L MACA VERDE	14	0	6	12
439	ENERG BALY PET 2L TRAD S A	10	2	6	12
403	ENERG ELEV LT 473 ML ACAI COCO	12	0	6	12
406	ENERG ELEV LT 473ML MACA VERDE	18	0	12	18
3853	ENERG ELEV LT 473ML MOR MELANCIA	11	0	6	12
410	ENERG ELEV PET 2L FRUT TROPICAIS	16	0	12	18
394	ENERG MONSTER LT 473ML ULTRA VIOLET	0	2	6	12
33732	ENERG RED BULL LT 250ML POMELO	48	0	12	36
37722	ENXAG BUCAL ABOVE 1L	0	0	0	0
17673	ERVA MATE GAUCHA DA SERRA PREMIUM 1K	0	0	10	20
2558	ERVA MATE REI VERDE 500G TERERE LIMAO E MENTA	28	1	6	16
2557	ERVA MATE REI VERDE 500G TERERE TRAD	28	0	6	16
33974	ERVA MATE SAO GABRIEL 1KG LAMI SEM ACUC	0	0	6	16
33290	ERVA MATE SAO GABRIEL 1KG LAMINADA C ACUC	0	0	6	16
17701	ERVILHA FUGINI SH 1 7K	16	0	6	12
837	ERVILHA ODERICH LT 2KG	15	0	6	12
2295	ERVILHA SERRA URUGUAI PARTIDA 500G	40	0	12	32
2296	ERVILHA YOKI PARTIDA 400GR	0	1	10	26
690	ESP OREMUS MOSCATEL GF 750ML BRANCO	10	0	4	10
691	ESP OREMUS MOSCATEL GF 750ML ROSE	24	0	6	12
697	ESP Q DO MORGADO MOSCATEL GF 600ML BRANCO	11	0	6	12
699	ESP Q DO MORGADO MOSCATEL GF 600ML ROSE	10	0	6	12
18183	ESPUMA BARB ABOVE 150ML	1	1	18	42
36979	FARINHA MANDIOCA 500G ROCHA BRANCA	18	2	10	30
2672	FARINHA MANDIOCA CBS 500G	12	0	12	24
38195	FARINHA MANDIOCA EXTRA FIN ROCHA 1K	0	0	0	0
2697	FARINHA MILHO PERDIZ 1KG GROSSA	19	0	10	22
2701	FARINHA ROSCA PULLMAN 500G	0	0	6	10
37074	FARINHA TAPIOCA ROCHA 400G BATATA	40	0	14	54
38194	FARINHA TAPIOCA ROCHA COCO 400G	0	0	0	0
37030	FAROFA ROCHA 250G FARROUPILHA	23	1	14	50
37025	FAROFA ROCHA CASEIRA 300G CEB NA MANT	17	2	6	16
37027	FAROFA ROCHA CASEIRA 300G TRAD	20	0	6	16
37047	FAROFA ROCHA CASEIRA 300GBACON	20	0	6	16
722	FILTRADO DUSHY FEST S ALC 660ML	16	0	6	12
18749	FRALDA DESC FERINHA JUMBINHO C/20 P	19	2	10	22
9546	FRALDA MILI JUMBINHO G 20UN	22	1	7	16
9547	FRALDA MILI JUMBINHO M 22UN	11	2	7	16
547	GATORADE 500ML TANGERINA	12	1	12	18
548	GATORADE 500ML UVA	8	2	6	12
3836	GELADINHO AMERICANO 40UN	23	0	0	0
3625	GELATINA NEILAR 20G MARACUJA	95	0	48	96
587	GIN OLD BRIDGE VD 900ML ROSE	5	0	4	10
588	GIN ROCKS SECO VD 1L	8	0	6	12
38334	GULAO ENALDINHO SABORES 45G	0	0	0	0
6349	INSET AERO SBP 380ML MULTI INSETICIDA	141	1	18	42
9621	INSET MAT INSET MULTI PROMO 360ML CITRONELA	-1	0	0	0
6357	INSET MAT INSET RF LV12PG10	286	1	76	176
2480	KETCHUP FUGINI SH 300G TRAD	144	0	24	60
2461	KETCHUP FUGINI SH C BICO 180G TRAD	32	0	24	56
8222	KIT ELSEVE SH COND 375ML 170ML HIALUR	9	2	6	12
38562	KIT SH CD NEUTROX 300ML 200ML FORCA	0	0	0	0
38563	KIT SH CD NEUTROX 300ML 200ML OLEOS	0	0	0	0
19803	KIT SH CD PANTENE 300 150ML EQUILIBRIO	16	0	6	12
493	LA TEQUILA PRATA VD 900ML	10	0	4	10
38280	LAV ROUPA LIQ APYCE TUDO EM UM 3L	16	0	8	16
37784	LAVA ROUPA BRILHANTE 3L CUID EXT	20	0	16	20
6723	LAVA ROUPA OMO 5L LAVAGEM PERFEITA	7	0	6	8
37435	LAVA ROUPA SUPREMA AZUL 3L	18	0	12	18
37438	LAVA ROUPA SUPREMA VERDE 3L	18	0	12	18
17339	LAVA ROUPAS LIQ BARBAREX 5L	16	1	8	12
37768	LEITE BATAVO DESNATADO 1L ZR LACTOSE	0	0	0	0
6790	LEITE UHT NINHO 1L ZERO LACTOSE	0	0	0	0
6797	LEITE UHT PIRACANJUBA 1L SEMI DES ZR LAC	0	0	0	0
38500	LENTILHA CALDO DE OURO 500G	0	0	0	0
37737	LIMP PERF UAU CHA BRANCO 500ML	24	0	12	36
20278	LUVA CONF LATEX M AMARELA	14	1	10	22
946	MAIONESE LIZA BD 2 7KG CASEIRA	25	1	6	12
38259	MAMAD LILLO DIVERTIDA ORTO 120ML	0	0	0	0
1735	MARIA MOLE DOCE N BONN 1 2KG	10	1	6	12
1823	MARIOLA STO ANTONIO 750G PRAINHA	-2	2	8	20
1818	MARIOLA STO ANTONIO 760G C GOIABA	0	0	8	20
38494	MARSHMALLOW FOFS SORVETINHO 160G	0	0	0	0
20602	MAS CAS PASTAMIA C OVOS 400G TALHARIM	45	1	18	42
20583	MAS CASEIRA KLAIN N2 BAND 400G	0	0	6	10
20585	MAS CASEIRA KLAIN N4 BAND 400G	0	0	6	10
20703	MAS TIPO TORTILHA RAP10 297G	0	0	6	10
20705	MAS TIPO TORTILHA RAP10 INT 297G	0	0	6	10
20706	MAS TIPO TORTILHA RAP10 LIGHT 297G	0	0	6	10
20707	MAS TIPO TORTILHA RAP10 TAPIOCA 198G	0	0	6	10
2624	MELADO ST ANTONIO 500G	10	2	8	20
1714	MERENGUE SOTT 100G	0	0	6	10
20817	MILHO VERDE FUGINI SH 1 7K	10	2	6	12
879	MILHO VERDE ODERICH LT 2KG	21	1	6	12
941	MILHO VERDE OLE LT 1 7KG	16	0	6	12
3706	MIST P BOLO APTI 400G FLORES NEGRAS	24	0	12	24
38271	MOLHO ALHO SABOR CASEIRO 1 01KG	11	1	6	12
912	MOLHO EXTREMO SABOR ALHO 1 01L	7	1	6	12
914	MOLHO EXTREMO SABOR PIMENTA 1L	20	1	6	12
38273	MOLHO INGLES SABOR CASEIRO 1 01K	0	0	6	12
2898	MOLHO MADEIRA ELEGE 200G	56	1	18	42
38274	MOLHO PIMENTA SABOR CASEIRO 1 01K	11	1	6	12
38275	MOLHO SHOYU SABOR CASEIRO 1 01K	10	2	6	12
38441	MOLHO TOM DIA 340G TRAD	480	0	144	180
2588	MOLHO TOM FUGINI SH 300G BOLONHESA	36	1	28	64
2582	MOLHO TOM FUGINI SH 300G ERVAS FINAS	57	1	28	64
2591	MOLHO TOM FUGINI SH 300G MANJERICAO	35	2	28	64
2584	MOLHO TOM FUGINI SH 300G PIZZA	73	0	28	64
2606	MOLHO TOM ODERICH SH 1 010G TRAD	51	0	18	30
33937	MOLHO TOM SALSARETTI 910G TRITURADO	14	2	6	14
3850	MOLHO TOM SALSARETTI VD 680G PASSATA RUSTICA	27	2	10	22
31669	MOST BISN VAL PET 930G	14	2	7	16
983	MOSTARDA ODERICH 7G SH 140U	9	0	7	10
37367	NATA AURORA PT 280G	0	0	0	0
7210	NATA SANTA CLARA 300G	0	0	0	0
7211	NATA TIROL 300G	0	0	0	0
34499	ODORIZ PURO AR GATILHO 250ML CHA BRANCO	0	0	0	0
34498	ODORIZ PURO AR GATILHO 250ML LAVANDA	0	0	0	0
34324	PALITINHO KLAIN 138G BACON	0	0	6	10
34326	PALITINHO KLAIN 138G CALABRESA	0	0	6	10
34327	PALITINHO KLAIN 138G CHURRASCO	0	0	6	10
34325	PALITINHO KLAIN 138G PIZZA	0	0	6	10
34329	PALITINHO KLAIN 138G QUEIJO	0	0	6	10
2400	PALMITO CONS JUREIA VD 300G PICADO PALMEIRA REAL	10	0	6	21
21674	PAPEL HIG FOFOLETTE FS 30M C 12	-17	0	18	24
1848	PE MOLEQUE STO ANTONIO 200G NATA ACUCAR MASCAVO	14	1	9	24
2458	PEPINO CONS ODERICH VD 300G AGRIDOCE	14	1	5	20
2453	PEPINO CONS ODERICH VD 300G CASEIRO	14	0	11	26
2447	PEPINO CONSERVA ODERICH VD 300G TRAD	15	0	10	25
33441	PEPINO JUREIA TRAD VD 1 8KG	8	1	4	10
2282	PESSEGO PETITOSA METADES 450G	18	1	10	22
21945	PINCA ORIG SAFIRA INOX C 2	12	0	12	24
1885	PIRULITO FLORESTAL 400G CORACAO COLORIDO	120	2	22	50
1887	PIRULITO FLORESTAL CORACAO 400G MORANGO	129	2	22	50
38342	PIRULITO PRINC POP TATTOO 120G MOR	0	0	0	0
3810	POLVILHO AZEDO JUREIA 500G	25	0	10	22
22124	POMADA WASSINGTON PASTA 36G MARROM	25	2	10	82
38368	RACAO FRISKIES 850G D GRANJA FRANGO	0	0	0	0
38366	RACAO FRISKIES CARNE ADULTO 850G FRISKIES CARNE	0	0	0	0
38367	RACAO FRISKIES MEGAMIX 850G CASTRADO	0	0	0	0
38365	RACAO FRISKIES MIX CARNE 850G FRISKIE MIX CAR	0	0	0	0
4014	RACAO PEDIGREE SH 100G FGO FILHOTES	6	0	28	64
38552	RACAO RANGO DOG 5KG	0	0	0	0
8826	RACAO WHISKAS PF 85G SALMAO MOLHO	2	0	30	102
1961	RAPAD STO ANTONIO 180G PE DE MOCA	4	0	12	32
1956	RAPAD STO ANTONIO 400G AMENDOIM	6	0	18	48
34724	REFRE HAPPY TP 1L ABACAXI	41	1	12	24
34725	REFRE HAPPY TP 1L LARANJA	57	1	12	24
34719	REFRE HAPPY TP 1L MORANGO	40	0	12	24
34718	REFRE HAPPY TP 1L PESSEGO	19	2	12	24
75	REFRE PO CLIGHT 8G ABACAXI	138	0	150	300
196	REFRE PO PROMIX 100G LARANJA	20	2	14	32
197	REFRE PO PROMIX 100G LIMAO	28	2	14	32
201	REFRE PO PROMIX 100G UVA	17	1	14	32
4	REFRE PO TANG 18G ABACAXI	22	1	180	360
39	REFRE PO TANG 18G LARANJA DOCINHA	26	2	180	360
793	REFRIG COCA COLA E FANTA LARANJA 2L	0	0	16	24
22804	REFRIG COCA COLA J DANIELS LT 269ML	10	2	6	12
812	REFRIG FANTA UVA PET 2L	0	0	24	40
875	REFRIG FRUKI LT 350 ML COLA ZR	10	0	6	18
884	REFRIG FRUKI LT 350ML LIMAO	26	0	12	24
857	REFRIG FRUKI PET 600ML LIMAO	22	2	12	24
778	REFRIG PEPSI COLA PET 200ML	32	0	10	22
825	REFRIG PEPSI PET 2L	346	0	16	24
755	REFRIG SCHWEPPES CITRUS PET 1 5L	0	0	8	14
781	REFRIG SUKITA PET 200ML	24	0	12	24
37439	REMOVEDOR MULTIUSO SUPREMA FLOR 1L	24	0	8	20
37434	REMOVEDOR MULTIUSO SUPREMA TRAD 1L	23	1	8	20
38404	REPELENTE SBP LOCAO BABY 100ML	0	0	0	0
23013	SAB LIFE BEL 80G DESEJO VERDE	-13	0	324	432
23056	SAB LIQ HEDERA RF 370ML ERVA DOCE	12	0	10	22
23090	SAB LIQ SENSUS LUXO 220ML ERVA DOCE	22	1	12	24
38405	SAB PALMOLIVE MELANCIA E LICHIA 85G	0	0	0	0
38406	SAB PALMOLIVE OLIVA E ALOE VERA 85G	0	0	0	0
7861	SABAO PO SURF 800G LIMAO E BICARB	10	0	12	28
23204	SAL CHUR GRILL GARCA 1K	20	2	8	18
3653	SAL TEMP PARRILLA CAMPERO 500G TOQUE DE CHEF	6	1	9	24
3193	SALG BATATA OND PRATIC LEVE 40G BACON	0	0	6	10
3196	SALG BATATA OND PRATIC LEVE 40G CEBOLA E SALSA	0	0	6	10
3194	SALG BATATA OND PRATIC LEVE 40G CHURRASCO	0	0	6	10
3195	SALG BATATA OND PRATIC LEVE 40G ORIGINAL	0	0	6	10
3203	SALG BATATA PRINGLES 35G ORIGINAL	25	1	10	22
3133	SALG CROCANTISSIMO 40G QUEIJO CEBOL	-1	0	6	10
34780	SALG EL DORO QJO NACHO 100G	11	1	0	0
38140	SALG FANDANGOS CHURRASCO 35G	0	0	0	0
3276	SALG KEVYTOS 13G C 50 CHURRASCO	340	0	8	18
3188	SALG KLAIN BACON CROCANTE 100G	0	0	6	10
3275	SALG KLAIN CROCANTE 100G CHURRASCO	0	0	6	10
23373	SALG KRUKS 35G QJO	17	2	10	20
23379	SALG MAIS KRO BACON 200G	19	1	6	16
3259	SALG TAKIS 49G FUEGO	0	0	6	10
24095	SC LIXO PRO LIXO REFORCADO 30L C 10	13	0	19	44
38475	SEM FELTRIN BALSAMINA DOBRADA SORTI	0	0	0	0
38472	SEM FELTRIN RABANETE VIP CRIMSON SL	0	0	0	0
37723	SH ABOVE MASC ANTICASPA PROMO 600ML	0	0	0	0
24323	SH GENIAL PET 2 EM 1 500ML	0	0	7	10
8286	SH PANTENE 175ML COLAGENO	29	2	6	12
8313	SH PANTENE 510ML BIOTINAMINA	22	0	10	22
38240	SH SALLON LINDA 240ML POS QUIMICA	0	0	0	0
38239	SH SALLON LINDA 240ML SOS FORT	0	0	0	0
8331	SH SEDA 300ML JUNTINHOS TODOS OS TIPOS	31	2	10	22
35788	SH SEDA 300ML TOQUE DE SEDA	39	2	10	22
33705	SH SEDA 425ML CERAMIDAS	19	0	10	22
33702	SH SEDA 425ML PRETO LUMINOSOS	0	1	10	22
8426	SH350 COND PANTENE 175ML HIDROCAUTER	15	2	12	18
24379	SIDRA GOTA DE PRATA 660ML	27	0	10	22
24380	SIDRA GOTA PRATA S ALC 660ML BRANCA	19	1	10	22
24382	SIDRA GOTA PRATA S ALCO 660ML ROSE	13	1	10	22
582	SUCO COM TEM TP 1L LARANJA	13	0	12	24
38157	SUCO COM TEM VD 1L UVA E MACA	0	0	0	0
645	SUCO DEL VALLE FRUT PET 1 5L LARANJA	24	2	30	42
704	SUCO NECTAR CBS TP 1L ABACAXI	13	0	10	22
706	SUCO NECTAR CBS TP 1L LARANJA	19	1	10	22
707	SUCO NECTAR CBS TP 1L MANGA	12	0	10	22
708	SUCO NECTAR CBS TP 1L MORANGO	23	2	10	22
709	SUCO NECTAR CBS TP 1L UVA	11	0	10	22
701	SUCO NECTAR CBS TP 200ML MANGA	48	0	12	36
717	SUCO UVA AURORA INT BCO TP 1 5L	12	0	6	12
8560	TALCO VINI LADY 200G BABY CAMOMILA	30	1	10	22
8561	TALCO VINI LADY 200G BABY LAVANDA	21	1	10	22
24645	TCO P PES AMAZONIA 100G WOMAN	64	0	36	84
3499	TEMP ACAFRAO TOP FEST 20G	31	0	9	24
3523	TEMP ADOBO TOP FEST 15G ALHO	14	1	9	24
3590	TEMP ALHO GRANULADO TOP FEST 50G	37	1	9	24
3667	TEMP BICARBONATO SODIO TOP FES 100G	31	0	9	24
35146	TEMP CAMPEIRO 15G PIMENTA PTA	33	2	0	0
3755	TEMP CAMPERO LINGUICA CASEIRA 60G C PIMENTA	34	1	9	27
3501	TEMP CEBOLA ALHO SALSA CAMPERO 10G	15	0	9	24
3485	TEMP COENTRO GRAO TOP FEST 15G	39	2	9	24
3507	TEMP COMINHO MOIDO TOP FEST 15G	53	0	9	24
3677	TEMP COMPLETO ODERICH 300G S PIMENTA	24	0	18	42
3579	TEMP MISTO CAMPERO 30G BOLONHESA	16	1	9	24
3577	TEMP MISTO CAMPERO 30G DUCHEF	8	2	9	24
38268	TEMP MISTO DUCHEF CAMPERO 10G	0	0	0	0
3602	TEMP OREGANO TOP FEST 50G	16	0	9	24
3608	TEMP PAPRICA DEFUMADA CAMPERO 50G	15	2	9	24
33010	TOM PELADO SALSARETTI LT 400G	34	0	18	42
8704	VASSOURA CONDOR LIMPA PISO S CABO	24	0	10	22
35855	VELA SANDERO N 4 VERMELHA	49	0	18	42
25425	VH CANCAO BORDO SUAVE 750ML SV	48	0	18	30
205	VH CANCAO TINTO 750ML SC	79	2	36	48
25433	VH CONCHA Y TORO RESERV CAB SUAVE 750ML	0	0	36	48
214	VH COUNTRY WINE BCO 750ML SC	36	0	12	18
225	VH DEL GRANO BCO 1 48L SV	18	0	36	48
38158	VH DEL GRANO GOLD ROSE BORDO 750ML SUAVE	0	0	0	0
245	VH DEL GRANO PROMOCIONAL 1L SC	8	0	6	12
247	VH DEL GRANO PROMOCIONAL 1L SV	96	0	36	48
249	VH DEL GRANO TINTO 1 48L SC	41	0	36	48
251	VH DEL GRANO TINTO 1 48L SV	44	0	36	48
266	VH JOTA PE BCO 750ML SC	14	0	12	18
33785	VH MIORANZA FRISANTE 750ML BCO SV	24	0	12	24
33787	VH MIORANZA FRISANTE 750ML ROSE SV	24	0	12	24
276	VH QUINTA CARVALHO BCO 750ML SC	19	0	10	22
281	VH RELAX FRISANTE BCO 750ML DEMI SEC	9	0	6	12
283	VH RELAX FRISANTE ROSE SV 750ML	9	0	6	12
302	VH SANGUE BOI TINTO 4L SC	2	0	4	6
304	VH SANGUE BOI TINTO 4L SV	8	0	6	8
298	VH SANGUE BOI TINTO 750ML SC	21	0	18	24
3773	VINAGRE ALCOOL KOLLER 500ML UVA	14	0	10	22
3777	VINAGRE ARROZ KOLLER 500ML	24	1	10	22
3782	VINAGRE MACA KOLLER 500ML	11	0	10	22
3790	VINAGRE VINHO KOLLER 500ML TINTO	17	1	10	22
3784	VINAGRE VINHO ROSINA 750ML TINTO	42	2	10	22
33784	VODKA NINNOFF VD 900ML ORIG	47	1	12	18
636	VODKA VOLCOF VD 900ML	24	0	10	22
33725	VODKA WE MIX LN 275ML LIM E GENG	12	0	6	12
33780	VODKA WE MIX LN 275ML MELAN HORT	23	1	6	12
1660	WAFFER ISABELA 100G LIMAO	250	0	40	80
655	WHISKY PASSPORT VD 1L	12	0	8	12
494	XAROPE CESTA BASICA 900ML GROSELHA	7	1	6	12
